Name,helmet,cape,amulet,weapon,body,sheild,Equip7,legs,Equip9,gloves,boots,Equip12,Loc_x,Loc_y,Anim_id,Chat_response,Overall,Attack,Defence,Strength,Hitpoints,Ranged,Prayer,Magic,Cooking,Woodcutting,Fletching,Fishing,Firemaking,Crafting,Smithing,Mining,Herblore,Agility,Thieving,Slayer,Farming,Runecrafting,Hunter,Construction,Location
Lord Xeric,12845,-1,-1,1419,20775,-1,-1,20777,-1,9922,9921,-1,3291,3375,-1,NA,1798,99,91,99,99,96,77,86,74,91,80,75,78,75,70,72,58,70,74,88,56,54,64,72,mining
Moreevoke501,-1,-1,-1,-1,-1,-1,-1,-1,-1,-1,-1,-1,3286,3368,-1,NA,315,2,1,1,49,1,15,63,1,55,1,1,55,1,1,60,1,1,1,1,1,1,1,1,mining
Gustabo2000,-1,-1,-1,1275,-1,-1,-1,-1,-1,-1,-1,-1,3285,3370,624,NA,335,50,50,50,50,1,16,1,1,52,1,10,1,4,1,39,1,1,1,1,1,1,1,1,mining
Kyng Brumear,-1,-1,-1,1265,-1,-1,-1,-1,-1,-1,-1,-1,3283,3368,-1,NA,0,1,1,1,1,1,1,1,1,1,1,1,1,1,1,41,1,1,1,1,1,1,1,1,mining
Sofagrill,579,-1,1725,1387,577,1191,-1,6655,-1,1059,1061,-1,3291,3374,-1,NA,248,22,10,21,24,1,15,30,12,36,1,12,37,5,2,12,1,1,1,1,1,1,1,1,mining
erika sex,-1,-1,-1,1265,-1,-1,-1,-1,-1,-1,-1,-1,3284,3369,-1,NA,131,1,1,1,10,1,1,1,1,19,1,41,1,1,1,42,1,1,1,1,1,1,1,1,mining
Zergbanger,-1,-1,-1,1275,-1,-1,-1,-1,-1,-1,-1,-1,3286,3370,-1,NA,577,61,44,44,52,1,46,38,6,36,1,20,40,31,44,54,1,31,13,1,1,10,1,1,mining
Jhawk9191,-1,1027,1731,853,6654,-1,-1,1099,-1,1065,-1,-1,3290,3377,-1,NA,241,1,3,1,45,56,28,1,1,1,1,1,1,1,43,49,1,1,1,1,1,1,1,1,mining
Sir Mike 59,-1,-1,-1,1273,-1,-1,-1,-1,-1,-1,-1,-1,3286,3368,629,NA,216,20,10,10,19,13,12,1,21,10,1,9,13,1,29,39,1,1,1,1,1,1,1,1,mining
andres1980,-1,-1,-1,1273,-1,-1,-1,-1,-1,-1,-1,-1,3286,3368,629,NA,0,0,0,0,0,0,0,0,0,0,0,0,0,0,0,0,0,0,0,0,0,0,0,0,mining
TheAIBillNye,-1,-1,-1,1265,-1,1171,-1,-1,-1,-1,-1,-1,3286,3365,-1,NA,0,0,0,0,0,0,0,0,0,0,0,0,0,0,0,0,0,0,0,0,0,0,0,0,mining
merdenondedj,1141,-1,-1,1299,1109,-1,-1,1067,-1,1059,1061,-1,3287,3366,-1,NA,0,0,0,0,0,0,0,0,0,0,0,0,0,0,0,0,0,0,0,0,0,0,0,0,mining
endryrx 2017,-1,-1,-1,1325,1129,1171,-1,-1,-1,1059,1061,-1,3292,3376,1156,NA,0,0,0,0,0,0,0,0,0,0,0,0,0,0,0,0,0,0,0,0,0,0,0,0,mining
wsonjose123,-1,-1,-1,1273,-1,-1,-1,-1,-1,-1,-1,-1,3286,3368,-1,NA,0,0,0,0,0,0,0,0,0,0,0,0,0,0,0,0,0,0,0,0,0,0,0,0,mining
Safiro D,-1,4351,1731,1267,-1,-1,-1,-1,-1,-1,-1,-1,3286,3368,-1,NA,0,0,0,0,0,0,0,0,0,0,0,0,0,0,0,0,0,0,0,0,0,0,0,0,mining
T1T4N SK1LL,7394,4343,10364,1267,7390,-1,-1,7386,-1,2922,-1,-1,3286,3368,-1,NA,0,0,0,0,0,0,0,0,0,0,0,0,0,0,0,0,0,0,0,0,0,0,0,0,mining
MalakFares,1137,-1,-1,1325,1115,1189,-1,1067,-1,1059,-1,-1,3288,3367,-1,NA,0,0,0,0,0,0,0,0,0,0,0,0,0,0,0,0,0,0,0,0,0,0,0,0,mining
JarJarBrinks,1153,-1,1654,1267,1101,1175,-1,1075,-1,1059,-1,-1,3288,3369,-1,NA,0,0,0,0,0,0,0,0,0,0,0,0,0,0,0,0,0,0,0,0,0,0,0,0,mining
xo_Queenie16,6188,-1,1654,1339,1101,1177,-1,1067,-1,1059,3061,-1,3284,3369,-1,NA,0,0,0,0,0,0,0,0,0,0,0,0,0,0,0,0,0,0,0,0,0,0,0,0,mining
25eduar,-1,-1,-1,1351,-1,1171,-1,-1,-1,-1,-1,-1,3285,3370,-1,NA,0,0,0,0,0,0,0,0,0,0,0,0,0,0,0,0,0,0,0,0,0,0,0,0,mining
Twistnx,1141,1007,1654,1311,1119,-1,-1,1067,-1,1059,1061,-1,3289,3367,625,NA,0,0,0,0,0,0,0,0,0,0,0,0,0,0,0,0,0,0,0,0,0,0,0,0,mining
TacoKittenz,-1,-1,-1,1349,-1,-1,-1,-1,-1,-1,-1,-1,3285,3373,-1,NA,0,0,0,0,0,0,0,0,0,0,0,0,0,0,0,0,0,0,0,0,0,0,0,0,mining
SEBASTIANFSV,1949,1007,1009,1265,1005,1173,-1,-1,-1,-1,-1,-1,3287,3366,-1,NA,0,0,0,0,0,0,0,0,0,0,0,0,0,0,0,0,0,0,0,0,0,0,0,0,mining
Jc171,12600,13679,21314,1277,-1,1173,-1,-1,-1,-1,-1,-1,3283,3364,-1,NA,0,0,0,0,0,0,0,0,0,0,0,0,0,0,0,0,0,0,0,0,0,0,0,0,mining
CoolCatKill,1055,1021,1731,-1,577,-1,-1,-1,-1,-1,9006,-1,3294,3379,-1,NA,0,0,0,0,0,0,0,0,0,0,0,0,0,0,0,0,0,0,0,0,0,0,0,0,mining
BillAckman12,-1,-1,-1,1267,-1,-1,-1,-1,-1,-1,-1,-1,3289,3362,-1,NA,0,0,0,0,0,0,0,0,0,0,0,0,0,0,0,0,0,0,0,0,0,0,0,0,mining
Hayley 935,-1,-1,-1,1265,1115,1173,-1,1067,-1,-1,-1,-1,3286,3370,-1,NA,0,0,0,0,0,0,0,0,0,0,0,0,0,0,0,0,0,0,0,0,0,0,0,0,mining
SirTivi,579,4365,1727,1381,577,1193,-1,1011,-1,1059,1061,-1,3290,3379,-1,NA,0,0,0,0,0,0,0,0,0,0,0,0,0,0,0,0,0,0,0,0,0,0,0,0,mining
CamGoose,1165,1019,1731,1327,1125,1195,-1,1077,-1,-1,-1,-1,3294,3377,-1,NA,0,0,0,0,0,0,0,0,0,0,0,0,0,0,0,0,0,0,0,0,0,0,0,0,mining
CalebDavid25,1153,-1,-1,1265,1101,1191,-1,1075,-1,1059,-1,-1,3284,3368,-1,NA,0,0,0,0,0,0,0,0,0,0,0,0,0,0,0,0,0,0,0,0,0,0,0,0,mining
tradervic,-1,-1,-1,1321,-1,-1,-1,-1,-1,-1,-1,-1,3286,3365,-1,NA,0,0,0,0,0,0,0,0,0,0,0,0,0,0,0,0,0,0,0,0,0,0,0,0,mining
thive killer,-1,-1,-1,1265,-1,-1,-1,-1,-1,-1,-1,-1,3282,3363,625,NA,0,0,0,0,0,0,0,0,0,0,0,0,0,0,0,0,0,0,0,0,0,0,0,0,mining
SirGolfalot,-1,-1,-1,1267,-1,-1,-1,-1,-1,1059,1061,-1,3290,3377,-1,NA,0,0,0,0,0,0,0,0,0,0,0,0,0,0,0,0,0,0,0,0,0,0,0,0,mining
Bobbing1654,-1,-1,-1,1269,-1,-1,-1,-1,-1,-1,-1,-1,3289,3362,627,NA,0,0,0,0,0,0,0,0,0,0,0,0,0,0,0,0,0,0,0,0,0,0,0,0,mining
Hans Kropf 1,-1,-1,552,1293,-1,1171,-1,-1,-1,1059,1061,-1,3295,3380,-1,NA,0,0,0,0,0,0,0,0,0,0,0,0,0,0,0,0,0,0,0,0,0,0,0,0,mining
Rob 2506,-1,-1,-1,-1,-1,-1,-1,-1,-1,-1,-1,-1,3283,3375,-1,NA,0,0,0,0,0,0,0,0,0,0,0,0,0,0,0,0,0,0,0,0,0,0,0,0,mining
33run1781,-1,-1,-1,-1,-1,-1,-1,-1,-1,-1,-1,-1,3288,3369,629,NA,0,0,0,0,0,0,0,0,0,0,0,0,0,0,0,0,0,0,0,0,0,0,0,0,mining
MrWhiss,-1,-1,-1,-1,6654,-1,-1,-1,-1,-1,-1,-1,3286,3368,-1,NA,0,0,0,0,0,0,0,0,0,0,0,0,0,0,0,0,0,0,0,0,0,0,0,0,mining
imDips,-1,-1,-1,1269,-1,-1,-1,-1,-1,-1,-1,-1,3287,3366,-1,NA,0,0,0,0,0,0,0,0,0,0,0,0,0,0,0,0,0,0,0,0,0,0,0,0,mining
IrieLuDa2,-1,-1,-1,1269,-1,-1,-1,-1,-1,-1,-1,-1,3283,3368,-1,NA,0,0,0,0,0,0,0,0,0,0,0,0,0,0,0,0,0,0,0,0,0,0,0,0,mining
Iron Law 624,-1,-1,-1,1275,-1,-1,-1,-1,-1,-1,-1,-1,3286,3368,-1,NA,0,0,0,0,0,0,0,0,0,0,0,0,0,0,0,0,0,0,0,0,0,0,0,0,mining
C0DE GR33N,-1,-1,-1,-1,-1,-1,-1,-1,-1,-1,-1,-1,3286,3368,-1,NA,0,0,0,0,0,0,0,0,0,0,0,0,0,0,0,0,0,0,0,0,0,0,0,0,mining
Jalryx,-1,-1,-1,1265,-1,13660,-1,-1,-1,-1,9006,-1,3289,3362,625,NA,0,0,0,0,0,0,0,0,0,0,0,0,0,0,0,0,0,0,0,0,0,0,0,0,mining
DrakssTar,-1,-1,-1,-1,-1,-1,-1,-1,-1,-1,-1,-1,3286,3368,-1,NA,0,0,0,0,0,0,0,0,0,0,0,0,0,0,0,0,0,0,0,0,0,0,0,0,mining
RevanantHide,-1,-1,-1,1265,-1,-1,-1,-1,-1,-1,-1,-1,3285,3367,-1,NA,0,0,0,0,0,0,0,0,0,0,0,0,0,0,0,0,0,0,0,0,0,0,0,0,mining
Charloht VZ,579,-1,-1,1275,1035,-1,-1,1033,-1,-1,-1,-1,3286,3368,-1,NA,0,0,0,0,0,0,0,0,0,0,0,0,0,0,0,0,0,0,0,0,0,0,0,0,mining
young wuff,-1,-1,-1,-1,-1,-1,-1,-1,-1,-1,-1,-1,3286,3368,-1,NA,0,0,0,0,0,0,0,0,0,0,0,0,0,0,0,0,0,0,0,0,0,0,0,0,mining
cantpkffss,-1,-1,-1,1265,-1,-1,-1,-1,-1,-1,-1,-1,3282,3366,625,NA,0,0,0,0,0,0,0,0,0,0,0,0,0,0,0,0,0,0,0,0,0,0,0,0,mining
Elk Kite 404,-1,-1,-1,-1,-1,-1,-1,-1,-1,-1,-1,-1,3286,3368,-1,NA,0,0,0,0,0,0,0,0,0,0,0,0,0,0,0,0,0,0,0,0,0,0,0,0,mining
Detail 2764,-1,-1,1731,1271,-1,-1,-1,-1,-1,-1,-1,-1,3287,3370,-1,NA,0,0,0,0,0,0,0,0,0,0,0,0,0,0,0,0,0,0,0,0,0,0,0,0,mining
IB1ZaaaL0ots,-1,-1,-1,1265,-1,1171,-1,-1,-1,-1,-1,-1,3287,3364,-1,NA,0,0,0,0,0,0,0,0,0,0,0,0,0,0,0,0,0,0,0,0,0,0,0,0,mining
TheDAFman,1157,1019,1725,1295,1119,1193,-1,1069,-1,1063,-1,-1,3282,3363,629,NA,0,0,0,0,0,0,0,0,0,0,0,0,0,0,0,0,0,0,0,0,0,0,0,0,mining
lo22hugo,1139,-1,552,841,1129,-1,-1,-1,-1,1059,-1,-1,3294,3375,-1,NA,0,0,0,0,0,0,0,0,0,0,0,0,0,0,0,0,0,0,0,0,0,0,0,0,mining
TenX001,-1,-1,-1,853,-1,-1,-1,-1,-1,-1,-1,-1,3287,3368,-1,NA,0,0,0,0,0,0,0,0,0,0,0,0,0,0,0,0,0,0,0,0,0,0,0,0,mining
Frazuccino,1155,-1,-1,1265,-1,1171,-1,-1,-1,-1,-1,-1,3289,3367,-1,NA,0,0,0,0,0,0,0,0,0,0,0,0,0,0,0,0,0,0,0,0,0,0,0,0,mining
1 Taylor,-1,-1,-1,9703,-1,9704,-1,-1,-1,-1,-1,-1,3288,3369,-1,NA,0,0,0,0,0,0,0,0,0,0,0,0,0,0,0,0,0,0,0,0,0,0,0,0,mining
the_Fox32,-1,-1,-1,1273,-1,-1,-1,-1,-1,-1,-1,-1,3288,3369,-1,NA,0,0,0,0,0,0,0,0,0,0,0,0,0,0,0,0,0,0,0,0,0,0,0,0,mining
Ther Facthor,-1,-1,-1,12297,-1,1191,-1,-1,-1,-1,-1,-1,3285,3370,-1,NA,0,0,0,0,0,0,0,0,0,0,0,0,0,0,0,0,0,0,0,0,0,0,0,0,mining
Airhain,-1,-1,1725,1339,1757,-1,-1,1095,-1,1063,1061,-1,3286,3368,-1,NA,0,0,0,0,0,0,0,0,0,0,0,0,0,0,0,0,0,0,0,0,0,0,0,0,mining
Wulfis1995,1153,-1,1478,1323,1115,1175,-1,1067,-1,2912,1061,-1,3288,3369,-1,NA,0,0,0,0,0,0,0,0,0,0,0,0,0,0,0,0,0,0,0,0,0,0,0,0,mining
L0onyTunes,-1,-1,-1,1277,-1,1171,-1,-1,-1,-1,-1,-1,3287,3375,-1,NA,0,0,0,0,0,0,0,0,0,0,0,0,0,0,0,0,0,0,0,0,0,0,0,0,mining
77 Misty 868,-1,-1,-1,1265,-1,-1,-1,-1,-1,-1,1061,-1,3282,3367,-1,NA,0,0,0,0,0,0,0,0,0,0,0,0,0,0,0,0,0,0,0,0,0,0,0,0,mining
NATSU 350,-1,-1,-1,1265,-1,-1,-1,-1,-1,-1,-1,-1,3286,3365,-1,NA,0,0,0,0,0,0,0,0,0,0,0,0,0,0,0,0,0,0,0,0,0,0,0,0,mining
richarlys,-1,-1,-1,-1,-1,-1,-1,6655,-1,-1,-1,-1,3290,3350,-1,NA,0,0,0,0,0,0,0,0,0,0,0,0,0,0,0,0,0,0,0,0,0,0,0,0,mining
Taylor Kingg,-1,-1,-1,1265,-1,-1,-1,-1,-1,-1,-1,-1,3286,3370,625,NA,0,0,0,0,0,0,0,0,0,0,0,0,0,0,0,0,0,0,0,0,0,0,0,0,mining
ReverseGeam,-1,-1,-1,-1,-1,-1,-1,-1,-1,-1,-1,-1,3277,3372,-1,NA,0,0,0,0,0,0,0,0,0,0,0,0,0,0,0,0,0,0,0,0,0,0,0,0,mining
codeyt,1137,-1,-1,1293,1101,1171,-1,1067,-1,1063,-1,-1,3193,3369,-1,NA,0,0,0,0,0,0,0,0,0,0,0,0,0,0,0,0,0,0,0,0,0,0,0,0,mining
47 Iron 1423,-1,-1,-1,1265,-1,-1,-1,-1,-1,-1,-1,-1,3181,3371,-1,NA,0,0,0,0,0,0,0,0,0,0,0,0,0,0,0,0,0,0,0,0,0,0,0,0,mining
SergentPois,-1,-1,-1,-1,-1,-1,-1,-1,-1,-1,-1,-1,3181,3372,624,NA,0,0,0,0,0,0,0,0,0,0,0,0,0,0,0,0,0,0,0,0,0,0,0,0,mining
Buried Al,-1,-1,-1,-1,-1,-1,-1,-1,-1,-1,-1,-1,3175,3367,-1,NA,0,0,0,0,0,0,0,0,0,0,0,0,0,0,0,0,0,0,0,0,0,0,0,0,mining
56ward1188,1137,-1,616,1265,1101,1175,-1,-1,-1,-1,-1,-1,3181,3378,-1,NA,0,0,0,0,0,0,0,0,0,0,0,0,0,0,0,0,0,0,0,0,0,0,0,0,mining
lvirus534,-1,-1,-1,1275,-1,-1,-1,-1,-1,-1,-1,-1,3185,3372,-1,NA,0,0,0,0,0,0,0,0,0,0,0,0,0,0,0,0,0,0,0,0,0,0,0,0,mining
AlVizard,-1,-1,-1,-1,-1,-1,-1,-1,-1,-1,-1,-1,3183,3378,-1,NA,0,0,0,0,0,0,0,0,0,0,0,0,0,0,0,0,0,0,0,0,0,0,0,0,mining
RootDelmore,-1,-1,-1,-1,-1,-1,-1,-1,-1,-1,-1,-1,3175,3367,-1,NA,0,0,0,0,0,0,0,0,0,0,0,0,0,0,0,0,0,0,0,0,0,0,0,0,mining
xDarinus,-1,-1,-1,1275,-1,-1,-1,-1,-1,-1,-1,-1,3180,3371,-1,NA,0,0,0,0,0,0,0,0,0,0,0,0,0,0,0,0,0,0,0,0,0,0,0,0,mining
Accrete Fair,-1,-1,-1,-1,-1,-1,-1,-1,-1,-1,-1,-1,3178,3369,-1,NA,0,0,0,0,0,0,0,0,0,0,0,0,0,0,0,0,0,0,0,0,0,0,0,0,mining
imsocareful,1157,4325,1731,1357,1121,1179,-1,1071,-1,1059,1061,-1,3167,3386,869,NA,0,0,0,0,0,0,0,0,0,0,0,0,0,0,0,0,0,0,0,0,0,0,0,0,mining
Male Zeb,-1,-1,-1,-1,-1,-1,-1,-1,-1,-1,-1,-1,3183,3378,624,NA,0,0,0,0,0,0,0,0,0,0,0,0,0,0,0,0,0,0,0,0,0,0,0,0,mining
Dam Figs,-1,-1,-1,-1,-1,-1,-1,-1,-1,-1,-1,-1,3180,3371,-1,NA,0,0,0,0,0,0,0,0,0,0,0,0,0,0,0,0,0,0,0,0,0,0,0,0,mining
SeranaMojers,-1,-1,-1,1265,-1,-1,-1,-1,-1,-1,-1,-1,3183,3378,-1,NA,0,0,0,0,0,0,0,0,0,0,0,0,0,0,0,0,0,0,0,0,0,0,0,0,mining
Nickstphnsn,1165,-1,-1,1329,1125,1171,-1,1077,-1,1059,1061,-1,3181,3381,-1,NA,0,0,0,0,0,0,0,0,0,0,0,0,0,0,0,0,0,0,0,0,0,0,0,0,mining
AG Bel,-1,-1,-1,-1,-1,-1,-1,-1,-1,-1,-1,-1,3177,3367,-1,NA,0,0,0,0,0,0,0,0,0,0,0,0,0,0,0,0,0,0,0,0,0,0,0,0,mining
RaviEY,-1,-1,-1,-1,-1,-1,-1,-1,-1,-1,-1,-1,3181,3374,624,NA,0,0,0,0,0,0,0,0,0,0,0,0,0,0,0,0,0,0,0,0,0,0,0,0,mining
Djjunio15,-1,-1,-1,1271,-1,-1,-1,-1,-1,-1,-1,-1,3175,3367,628,NA,0,0,0,0,0,0,0,0,0,0,0,0,0,0,0,0,0,0,0,0,0,0,0,0,mining
HyAuteurs,-1,-1,-1,-1,-1,-1,-1,-1,-1,-1,-1,-1,3182,3372,-1,NA,0,0,0,0,0,0,0,0,0,0,0,0,0,0,0,0,0,0,0,0,0,0,0,0,mining
Tarah J,-1,-1,-1,-1,-1,-1,-1,-1,-1,-1,-1,-1,3180,3371,628,NA,0,0,0,0,0,0,0,0,0,0,0,0,0,0,0,0,0,0,0,0,0,0,0,0,mining
VioletSal,-1,-1,-1,-1,-1,-1,-1,-1,-1,-1,-1,-1,3182,3377,628,NA,0,0,0,0,0,0,0,0,0,0,0,0,0,0,0,0,0,0,0,0,0,0,0,0,mining
vedomotacogu,-1,-1,-1,1265,-1,-1,-1,-1,-1,-1,-1,-1,3183,3378,-1,NA,0,0,0,0,0,0,0,0,0,0,0,0,0,0,0,0,0,0,0,0,0,0,0,0,mining
KX Zena,-1,-1,-1,-1,-1,-1,-1,-1,-1,-1,-1,-1,3175,3367,-1,NA,0,0,0,0,0,0,0,0,0,0,0,0,0,0,0,0,0,0,0,0,0,0,0,0,mining
Rayarc2581,-1,-1,-1,-1,-1,-1,-1,-1,-1,-1,-1,-1,3183,3378,628,NA,0,0,0,0,0,0,0,0,0,0,0,0,0,0,0,0,0,0,0,0,0,0,0,0,mining
Lydie A,-1,-1,-1,-1,-1,-1,-1,-1,-1,-1,-1,-1,3180,3370,-1,NA,0,0,0,0,0,0,0,0,0,0,0,0,0,0,0,0,0,0,0,0,0,0,0,0,mining
nathalyvbs,1017,-1,1727,1387,1035,-1,-1,1033,-1,-1,1061,-1,3192,3362,714,NA,0,0,0,0,0,0,0,0,0,0,0,0,0,0,0,0,0,0,0,0,0,0,0,0,mining
PerdomoHeste,-1,-1,-1,-1,-1,-1,-1,-1,-1,-1,-1,-1,3183,3378,627,NA,0,0,0,0,0,0,0,0,0,0,0,0,0,0,0,0,0,0,0,0,0,0,0,0,mining
Tubed Kale,-1,-1,-1,-1,-1,-1,-1,-1,-1,-1,-1,-1,3181,3372,-1,NA,0,0,0,0,0,0,0,0,0,0,0,0,0,0,0,0,0,0,0,0,0,0,0,0,mining
Mayita26,-1,1007,1478,1265,-1,-1,-1,1085,-1,3060,1061,-1,3175,3365,625,NA,0,0,0,0,0,0,0,0,0,0,0,0,0,0,0,0,0,0,0,0,0,0,0,0,mining
Rilex Papum,1153,-1,1009,1265,1117,1175,-1,1075,-1,-1,-1,-1,3177,3369,625,NA,0,0,0,0,0,0,0,0,0,0,0,0,0,0,0,0,0,0,0,0,0,0,0,0,mining
alemavila,1017,1007,1478,1387,1035,2603,-1,1033,-1,2912,1061,-1,3192,3362,714,NA,0,0,0,0,0,0,0,0,0,0,0,0,0,0,0,0,0,0,0,0,0,0,0,0,mining
Free Tintin,12453,20211,23354,1381,12449,13660,-1,12445,-1,2912,23294,-1,3175,3367,-1,Omf ,0,0,0,0,0,0,0,0,0,0,0,0,0,0,0,0,0,0,0,0,0,0,0,0,mining
HowiePomade,-1,-1,-1,-1,-1,-1,-1,-1,-1,-1,-1,-1,3182,3375,-1,NA,0,0,0,0,0,0,0,0,0,0,0,0,0,0,0,0,0,0,0,0,0,0,0,0,mining
sarcomas,1163,-1,-1,1359,1113,-1,-1,1079,-1,-1,9006,-1,3167,3387,867,NA,0,0,0,0,0,0,0,0,0,0,0,0,0,0,0,0,0,0,0,0,0,0,0,0,mining
KindMeyer,-1,-1,-1,-1,-1,-1,-1,-1,-1,-1,-1,-1,3175,3367,-1,NA,0,0,0,0,0,0,0,0,0,0,0,0,0,0,0,0,0,0,0,0,0,0,0,0,mining
SangriaAg,-1,-1,-1,-1,-1,-1,-1,-1,-1,-1,-1,-1,3181,3372,-1,NA,0,0,0,0,0,0,0,0,0,0,0,0,0,0,0,0,0,0,0,0,0,0,0,0,mining
BlackCyb,-1,-1,-1,-1,-1,-1,-1,-1,-1,-1,-1,-1,3182,3379,-1,NA,0,0,0,0,0,0,0,0,0,0,0,0,0,0,0,0,0,0,0,0,0,0,0,0,mining
giviralevabe,-1,-1,-1,1265,-1,-1,-1,-1,-1,-1,-1,-1,3180,3371,625,NA,0,0,0,0,0,0,0,0,0,0,0,0,0,0,0,0,0,0,0,0,0,0,0,0,mining
JC Ingaborg,-1,-1,-1,-1,-1,-1,-1,-1,-1,-1,-1,-1,3175,3367,624,NA,0,0,0,0,0,0,0,0,0,0,0,0,0,0,0,0,0,0,0,0,0,0,0,0,mining
AlmendarezMo,-1,-1,-1,1265,-1,-1,-1,-1,-1,-1,-1,-1,3180,3371,625,NA,0,0,0,0,0,0,0,0,0,0,0,0,0,0,0,0,0,0,0,0,0,0,0,0,mining
GENESIS RS21,-1,-1,-1,1275,-1,-1,-1,-1,-1,-1,-1,-1,3177,3369,-1,NA,0,0,0,0,0,0,0,0,0,0,0,0,0,0,0,0,0,0,0,0,0,0,0,0,mining
MurciaCross,-1,-1,-1,-1,-1,-1,-1,-1,-1,-1,-1,-1,3181,3372,-1,NA,0,0,0,0,0,0,0,0,0,0,0,0,0,0,0,0,0,0,0,0,0,0,0,0,mining
BigBadRough,1165,21853,1478,1381,1125,1195,-1,1077,-1,21855,21857,-1,3166,3386,-1,NA,0,0,0,0,0,0,0,0,0,0,0,0,0,0,0,0,0,0,0,0,0,0,0,0,mining
BetaFenrarik,-1,-1,-1,-1,-1,-1,-1,-1,-1,-1,-1,-1,3177,3384,-1,NA,0,0,0,0,0,0,0,0,0,0,0,0,0,0,0,0,0,0,0,0,0,0,0,0,mining
VencesPatton,-1,-1,-1,1265,-1,-1,-1,-1,-1,-1,-1,-1,3180,3371,627,NA,0,0,0,0,0,0,0,0,0,0,0,0,0,0,0,0,0,0,0,0,0,0,0,0,mining
JoCenotes,-1,-1,-1,-1,-1,-1,-1,-1,-1,-1,-1,-1,3181,3372,-1,NA,0,0,0,0,0,0,0,0,0,0,0,0,0,0,0,0,0,0,0,0,0,0,0,0,mining
Traver H,-1,-1,-1,-1,-1,-1,-1,-1,-1,-1,-1,-1,3182,3377,624,NA,0,0,0,0,0,0,0,0,0,0,0,0,0,0,0,0,0,0,0,0,0,0,0,0,mining
Rio name,12231,-1,-1,1309,12225,-1,-1,12227,-1,1059,1061,-1,3175,3360,-1,NA,0,0,0,0,0,0,0,0,0,0,0,0,0,0,0,0,0,0,0,0,0,0,0,0,mining
dre_den,579,1029,-1,1387,577,-1,-1,1011,-1,-1,-1,-1,3176,3366,-1,NA,0,0,0,0,0,0,0,0,0,0,0,0,0,0,0,0,0,0,0,0,0,0,0,0,mining
PruneMobs,-1,-1,-1,-1,-1,-1,-1,-1,-1,-1,-1,-1,3181,3385,-1,NA,0,0,0,0,0,0,0,0,0,0,0,0,0,0,0,0,0,0,0,0,0,0,0,0,mining
Ao Arther,-1,-1,-1,-1,-1,-1,-1,-1,-1,-1,-1,-1,3175,3367,-1,NA,0,0,0,0,0,0,0,0,0,0,0,0,0,0,0,0,0,0,0,0,0,0,0,0,mining
esteloco74,1163,1027,1731,1359,23404,1201,-1,1079,-1,1065,-1,-1,3182,3376,625,NA,0,0,0,0,0,0,0,0,0,0,0,0,0,0,0,0,0,0,0,0,0,0,0,0,mining
la catula,-1,-1,-1,1273,-1,-1,-1,-1,-1,-1,-1,-1,3180,3371,629,NA,0,0,0,0,0,0,0,0,0,0,0,0,0,0,0,0,0,0,0,0,0,0,0,0,mining
Enber001,-1,1019,-1,1273,-1,-1,-1,-1,-1,-1,-1,-1,3180,3371,-1,NA,0,0,0,0,0,0,0,0,0,0,0,0,0,0,0,0,0,0,0,0,0,0,0,0,mining
TersinaB,-1,-1,-1,-1,-1,-1,-1,-1,-1,-1,-1,-1,3181,3381,-1,NA,0,0,0,0,0,0,0,0,0,0,0,0,0,0,0,0,0,0,0,0,0,0,0,0,mining
dagger847,-1,-1,-1,1265,-1,-1,-1,-1,-1,-1,-1,-1,3183,3378,625,NA,0,0,0,0,0,0,0,0,0,0,0,0,0,0,0,0,0,0,0,0,0,0,0,0,mining
fekekayuyepe,-1,-1,-1,1265,-1,-1,-1,-1,-1,-1,-1,-1,3182,3377,625,NA,0,0,0,0,0,0,0,0,0,0,0,0,0,0,0,0,0,0,0,0,0,0,0,0,mining
RY Opal,-1,-1,-1,-1,-1,-1,-1,-1,-1,-1,-1,-1,3180,3371,-1,NA,0,0,0,0,0,0,0,0,0,0,0,0,0,0,0,0,0,0,0,0,0,0,0,0,mining
Cassie TF,-1,-1,-1,-1,-1,-1,-1,-1,-1,-1,-1,-1,3175,3367,-1,NA,0,0,0,0,0,0,0,0,0,0,0,0,0,0,0,0,0,0,0,0,0,0,0,0,mining
VWAlard,-1,-1,-1,-1,-1,-1,-1,-1,-1,-1,-1,-1,3183,3378,624,NA,0,0,0,0,0,0,0,0,0,0,0,0,0,0,0,0,0,0,0,0,0,0,0,0,mining
REXCOLT1,-1,-1,1478,1265,1125,1173,-1,-1,-1,-1,-1,-1,3182,3375,625,NA,0,0,0,0,0,0,0,0,0,0,0,0,0,0,0,0,0,0,0,0,0,0,0,0,mining
Linda_maria1,-1,-1,-1,1273,-1,20196,-1,20187,-1,3060,9005,-1,3180,3371,-1,NA,0,0,0,0,0,0,0,0,0,0,0,0,0,0,0,0,0,0,0,0,0,0,0,0,mining
AndresDimoax,-1,-1,-1,1267,-1,-1,-1,-1,-1,-1,1061,-1,3183,3379,626,NA,0,0,0,0,0,0,0,0,0,0,0,0,0,0,0,0,0,0,0,0,0,0,0,0,mining
xilef99,-1,-1,-1,1387,-1,-1,-1,-1,-1,-1,-1,-1,3175,3367,628,NA,0,0,0,0,0,0,0,0,0,0,0,0,0,0,0,0,0,0,0,0,0,0,0,0,mining
mogonon f72,-1,-1,-1,-1,-1,-1,-1,-1,-1,-1,-1,-1,3182,3377,625,NA,0,0,0,0,0,0,0,0,0,0,0,0,0,0,0,0,0,0,0,0,0,0,0,0,mining
Redwood Zea,-1,-1,-1,-1,-1,-1,-1,-1,-1,-1,-1,-1,3175,3367,-1,NA,0,0,0,0,0,0,0,0,0,0,0,0,0,0,0,0,0,0,0,0,0,0,0,0,mining
FBGil,-1,-1,-1,-1,-1,-1,-1,-1,-1,-1,-1,-1,3181,3385,-1,NA,0,0,0,0,0,0,0,0,0,0,0,0,0,0,0,0,0,0,0,0,0,0,0,0,mining
Rozalie Mac,-1,-1,-1,-1,-1,-1,-1,-1,-1,-1,-1,-1,3180,3371,-1,NA,0,0,0,0,0,0,0,0,0,0,0,0,0,0,0,0,0,0,0,0,0,0,0,0,mining
TitledLise,-1,-1,-1,-1,-1,-1,-1,-1,-1,-1,-1,-1,3176,3368,-1,NA,0,0,0,0,0,0,0,0,0,0,0,0,0,0,0,0,0,0,0,0,0,0,0,0,mining
BeerWater,12466,1029,1725,1359,12460,-1,-1,12462,-1,2942,9005,-1,3166,3386,-1,NA,0,0,0,0,0,0,0,0,0,0,0,0,0,0,0,0,0,0,0,0,0,0,0,0,mining
Polimpen18,1153,1019,552,1277,1115,1191,-1,1067,-1,1059,-1,-1,3195,3376,-1,NA,0,0,0,0,0,0,0,0,0,0,0,0,0,0,0,0,0,0,0,0,0,0,0,0,mining
Rashell123,-1,4325,-1,1353,6654,1173,-1,-1,-1,3060,3061,-1,3184,3379,-1,NA,0,0,0,0,0,0,0,0,0,0,0,0,0,0,0,0,0,0,0,0,0,0,0,0,mining
gmkldfjghjkg,1139,4405,-1,1265,1129,1175,-1,-1,-1,1059,1061,-1,3183,3375,-1,NA,0,0,0,0,0,0,0,0,0,0,0,0,0,0,0,0,0,0,0,0,0,0,0,0,mining
99stone2634,-1,-1,-1,1275,-1,-1,-1,-1,-1,-1,-1,-1,3180,3371,-1,NA,0,0,0,0,0,0,0,0,0,0,0,0,0,0,0,0,0,0,0,0,0,0,0,0,mining
zezurmo,1153,-1,-1,1387,1115,1191,-1,1067,-1,1065,1061,-1,3196,3356,1162,NA,0,0,0,0,0,0,0,0,0,0,0,0,0,0,0,0,0,0,0,0,0,0,0,0,mining
JutLaker,-1,-1,-1,-1,-1,-1,-1,-1,-1,-1,-1,-1,3181,3372,-1,NA,0,0,0,0,0,0,0,0,0,0,0,0,0,0,0,0,0,0,0,0,0,0,0,0,mining
P3rception,1141,-1,-1,1267,1115,1171,-1,1067,-1,1059,1061,-1,3175,3367,-1,NA,0,0,0,0,0,0,0,0,0,0,0,0,0,0,0,0,0,0,0,0,0,0,0,0,mining
HomyAd,-1,-1,-1,-1,-1,-1,-1,-1,-1,-1,-1,-1,3182,3377,-1,NA,0,0,0,0,0,0,0,0,0,0,0,0,0,0,0,0,0,0,0,0,0,0,0,0,mining
Pwnpownlift,-1,-1,-1,1265,-1,-1,-1,-1,-1,-1,-1,-1,3175,3367,-1,NA,0,0,0,0,0,0,0,0,0,0,0,0,0,0,0,0,0,0,0,0,0,0,0,0,mining
LiverPincas,-1,-1,-1,-1,-1,-1,-1,-1,-1,-1,-1,-1,3180,3371,-1,NA,0,0,0,0,0,0,0,0,0,0,0,0,0,0,0,0,0,0,0,0,0,0,0,0,mining
Lary over 12,1165,4401,1731,1275,1125,-1,-1,1077,-1,-1,-1,-1,3177,3379,-1,NA,0,0,0,0,0,0,0,0,0,0,0,0,0,0,0,0,0,0,0,0,0,0,0,0,mining
30crazyrob,-1,-1,-1,1265,-1,-1,-1,-1,-1,-1,-1,-1,3183,3378,-1,NA,0,0,0,0,0,0,0,0,0,0,0,0,0,0,0,0,0,0,0,0,0,0,0,0,mining
UbeKatharyn,-1,-1,-1,-1,-1,-1,-1,-1,-1,-1,-1,-1,3175,3367,-1,NA,0,0,0,0,0,0,0,0,0,0,0,0,0,0,0,0,0,0,0,0,0,0,0,0,mining
IcebergAg,-1,-1,-1,-1,-1,-1,-1,-1,-1,-1,-1,-1,3181,3372,624,NA,0,0,0,0,0,0,0,0,0,0,0,0,0,0,0,0,0,0,0,0,0,0,0,0,mining
Rair8554,-1,-1,-1,-1,-1,-1,-1,-1,-1,-1,-1,-1,3183,3378,-1,NA,0,0,0,0,0,0,0,0,0,0,0,0,0,0,0,0,0,0,0,0,0,0,0,0,mining
001010010100,-1,13679,-1,-1,-1,13660,-1,-1,-1,-1,-1,-1,3175,3367,-1,NA,0,0,0,0,0,0,0,0,0,0,0,0,0,0,0,0,0,0,0,0,0,0,0,0,mining
anapa84,5525,-1,1009,1265,-1,1173,-1,-1,-1,-1,-1,-1,3181,3378,-1,NA,0,0,0,0,0,0,0,0,0,0,0,0,0,0,0,0,0,0,0,0,0,0,0,0,mining
Redbullfire4,1141,1019,-1,1295,1119,1193,-1,1067,-1,1063,9005,-1,3177,3369,625,NA,0,0,0,0,0,0,0,0,0,0,0,0,0,0,0,0,0,0,0,0,0,0,0,0,mining
IL Natalie,-1,-1,-1,-1,-1,-1,-1,-1,-1,-1,-1,-1,3183,3378,624,NA,0,0,0,0,0,0,0,0,0,0,0,0,0,0,0,0,0,0,0,0,0,0,0,0,mining
Tweedy Ivo,-1,-1,-1,-1,-1,-1,-1,-1,-1,-1,-1,-1,3175,3367,624,NA,0,0,0,0,0,0,0,0,0,0,0,0,0,0,0,0,0,0,0,0,0,0,0,0,mining
OchreRugs,-1,-1,-1,-1,-1,-1,-1,-1,-1,-1,-1,-1,3181,3372,-1,NA,0,0,0,0,0,0,0,0,0,0,0,0,0,0,0,0,0,0,0,0,0,0,0,0,mining
FB Em,-1,-1,-1,-1,-1,-1,-1,-1,-1,-1,-1,-1,3181,3381,-1,NA,0,0,0,0,0,0,0,0,0,0,0,0,0,0,0,0,0,0,0,0,0,0,0,0,mining
ORIANA CRUZ,-1,-1,-1,1275,-1,-1,-1,-1,-1,-1,-1,-1,3182,3376,-1,NA,0,0,0,0,0,0,0,0,0,0,0,0,0,0,0,0,0,0,0,0,0,0,0,0,mining
FF De,-1,-1,-1,-1,-1,-1,-1,-1,-1,-1,-1,-1,3176,3367,-1,NA,0,0,0,0,0,0,0,0,0,0,0,0,0,0,0,0,0,0,0,0,0,0,0,0,mining
ElchinoBB2,2613,1007,1727,1381,2607,2611,-1,2609,-1,2912,1061,-1,3182,3376,629,NA,0,0,0,0,0,0,0,0,0,0,0,0,0,0,0,0,0,0,0,0,0,0,0,0,mining
CalmyCy,-1,-1,-1,-1,-1,-1,-1,-1,-1,-1,-1,-1,3181,3372,-1,NA,0,0,0,0,0,0,0,0,0,0,0,0,0,0,0,0,0,0,0,0,0,0,0,0,mining
extru1,-1,-1,-1,1265,-1,1171,-1,-1,-1,-1,-1,-1,3184,3377,-1,NA,0,0,0,0,0,0,0,0,0,0,0,0,0,0,0,0,0,0,0,0,0,0,0,0,mining
HolmanLad,-1,-1,1725,-1,-1,-1,-1,-1,-1,2912,1061,-1,3181,3372,-1,NA,0,0,0,0,0,0,0,0,0,0,0,0,0,0,0,0,0,0,0,0,0,0,0,0,mining
Wrong Sanies,-1,-1,-1,-1,-1,-1,-1,-1,-1,-1,-1,-1,3182,3377,624,NA,0,0,0,0,0,0,0,0,0,0,0,0,0,0,0,0,0,0,0,0,0,0,0,0,mining
Janenna X,-1,-1,-1,-1,-1,-1,-1,-1,-1,-1,-1,-1,3180,3370,-1,NA,0,0,0,0,0,0,0,0,0,0,0,0,0,0,0,0,0,0,0,0,0,0,0,0,mining
IcebergFin,-1,-1,-1,-1,-1,-1,-1,-1,-1,-1,-1,-1,3175,3367,624,NA,0,0,0,0,0,0,0,0,0,0,0,0,0,0,0,0,0,0,0,0,0,0,0,0,mining
Raymur9702,-1,-1,-1,-1,-1,-1,-1,-1,-1,-1,-1,-1,3181,3372,-1,NA,0,0,0,0,0,0,0,0,0,0,0,0,0,0,0,0,0,0,0,0,0,0,0,0,mining
VergilQA,-1,-1,-1,-1,-1,-1,-1,-1,-1,-1,-1,-1,3183,3378,-1,NA,0,0,0,0,0,0,0,0,0,0,0,0,0,0,0,0,0,0,0,0,0,0,0,0,mining
Karlene V,-1,-1,-1,-1,-1,-1,-1,-1,-1,-1,-1,-1,3175,3367,624,NA,0,0,0,0,0,0,0,0,0,0,0,0,0,0,0,0,0,0,0,0,0,0,0,0,mining
De OL,-1,-1,-1,-1,-1,-1,-1,-1,-1,-1,-1,-1,3181,3372,-1,NA,0,0,0,0,0,0,0,0,0,0,0,0,0,0,0,0,0,0,0,0,0,0,0,0,mining
AlfiKeeks,-1,-1,-1,-1,-1,-1,-1,-1,-1,-1,-1,-1,3183,3378,624,NA,0,0,0,0,0,0,0,0,0,0,0,0,0,0,0,0,0,0,0,0,0,0,0,0,mining
261ytniM,6182,-1,21314,1269,-1,13660,-1,-1,-1,-1,-1,-1,3176,3366,627,NA,0,0,0,0,0,0,0,0,0,0,0,0,0,0,0,0,0,0,0,0,0,0,0,0,mining
Namnlugger,-1,-1,-1,-1,-1,-1,-1,-1,-1,-1,-1,-1,3181,3385,-1,NA,0,0,0,0,0,0,0,0,0,0,0,0,0,0,0,0,0,0,0,0,0,0,0,0,mining
BahtLiangs,-1,-1,-1,-1,-1,-1,-1,-1,-1,-1,-1,-1,3183,3378,628,NA,0,0,0,0,0,0,0,0,0,0,0,0,0,0,0,0,0,0,0,0,0,0,0,0,mining
LouSal1807,1017,-1,1478,1275,1105,-1,-1,-1,-1,1059,9005,-1,3175,3367,624,NA,0,0,0,0,0,0,0,0,0,0,0,0,0,0,0,0,0,0,0,0,0,0,0,0,mining
26lionfate,-1,-1,-1,1273,-1,-1,-1,-1,-1,-1,-1,-1,3175,3367,-1,NA,0,0,0,0,0,0,0,0,0,0,0,0,0,0,0,0,0,0,0,0,0,0,0,0,mining
46holycony,-1,-1,-1,-1,-1,-1,-1,-1,-1,-1,-1,-1,3183,3378,3873,NA,0,0,0,0,0,0,0,0,0,0,0,0,0,0,0,0,0,0,0,0,0,0,0,0,mining
Ataxic Tim,-1,-1,-1,-1,-1,-1,-1,-1,-1,-1,-1,-1,3183,3378,-1,NA,0,0,0,0,0,0,0,0,0,0,0,0,0,0,0,0,0,0,0,0,0,0,0,0,mining
XimenesT,-1,-1,-1,-1,-1,-1,-1,-1,-1,-1,-1,-1,3176,3386,-1,NA,0,0,0,0,0,0,0,0,0,0,0,0,0,0,0,0,0,0,0,0,0,0,0,0,mining
GailNappe,-1,-1,-1,-1,-1,-1,-1,-1,-1,-1,-1,-1,3180,3371,-1,NA,0,0,0,0,0,0,0,0,0,0,0,0,0,0,0,0,0,0,0,0,0,0,0,0,mining
IYourQueenI,-1,1007,1009,853,1103,-1,-1,1097,-1,2912,1061,-1,3196,3361,-1,NA,0,0,0,0,0,0,0,0,0,0,0,0,0,0,0,0,0,0,0,0,0,0,0,0,mining
Kathryn Wave,-1,-1,-1,-1,-1,-1,-1,-1,-1,-1,-1,-1,3181,3371,-1,NA,0,0,0,0,0,0,0,0,0,0,0,0,0,0,0,0,0,0,0,0,0,0,0,0,mining
UbeShawl,-1,-1,-1,-1,-1,-1,-1,-1,-1,-1,-1,-1,3179,3370,-1,NA,0,0,0,0,0,0,0,0,0,0,0,0,0,0,0,0,0,0,0,0,0,0,0,0,mining
Brass Derwin,-1,-1,-1,-1,-1,-1,-1,-1,-1,-1,-1,-1,3176,3367,-1,NA,0,0,0,0,0,0,0,0,0,0,0,0,0,0,0,0,0,0,0,0,0,0,0,0,mining
20052018CF,2627,1027,1731,1275,1123,1201,-1,2625,-1,1065,1061,-1,3183,3378,-1,NA,0,0,0,0,0,0,0,0,0,0,0,0,0,0,0,0,0,0,0,0,0,0,0,0,mining
T00SCHWIFTY,-1,-1,-1,1265,-1,-1,-1,-1,-1,-1,-1,-1,3179,3369,-1,NA,0,0,0,0,0,0,0,0,0,0,0,0,0,0,0,0,0,0,0,0,0,0,0,0,mining
MZAdele,-1,-1,-1,-1,-1,-1,-1,-1,-1,-1,-1,-1,3171,3366,-1,NA,0,0,0,0,0,0,0,0,0,0,0,0,0,0,0,0,0,0,0,0,0,0,0,0,mining
WordenRoddy,-1,-1,-1,-1,-1,-1,-1,-1,-1,-1,-1,-1,3177,3368,-1,NA,0,0,0,0,0,0,0,0,0,0,0,0,0,0,0,0,0,0,0,0,0,0,0,0,mining
GF Shanon,-1,-1,-1,-1,-1,-1,-1,-1,-1,-1,-1,-1,3182,3374,-1,NA,0,0,0,0,0,0,0,0,0,0,0,0,0,0,0,0,0,0,0,0,0,0,0,0,mining
KJVidovic,-1,-1,-1,-1,-1,-1,-1,-1,-1,-1,-1,-1,3180,3371,624,NA,0,0,0,0,0,0,0,0,0,0,0,0,0,0,0,0,0,0,0,0,0,0,0,0,mining
Set Durant,-1,-1,-1,-1,-1,-1,-1,-1,-1,-1,-1,-1,3175,3367,-1,NA,0,0,0,0,0,0,0,0,0,0,0,0,0,0,0,0,0,0,0,0,0,0,0,0,mining
LoppedDe,-1,-1,-1,-1,-1,-1,-1,-1,-1,-1,-1,-1,3183,3378,-1,NA,0,0,0,0,0,0,0,0,0,0,0,0,0,0,0,0,0,0,0,0,0,0,0,0,mining
UbeNevus,-1,-1,-1,-1,-1,-1,-1,-1,-1,-1,-1,-1,3180,3371,624,NA,0,0,0,0,0,0,0,0,0,0,0,0,0,0,0,0,0,0,0,0,0,0,0,0,mining
UbeVined,-1,-1,-1,-1,-1,-1,-1,-1,-1,-1,-1,-1,3175,3367,-1,NA,0,0,0,0,0,0,0,0,0,0,0,0,0,0,0,0,0,0,0,0,0,0,0,0,mining
OliveraFenra,-1,-1,-1,-1,-1,-1,-1,-1,-1,-1,-1,-1,3180,3371,627,NA,0,0,0,0,0,0,0,0,0,0,0,0,0,0,0,0,0,0,0,0,0,0,0,0,mining
Shell E,-1,-1,-1,-1,-1,-1,-1,-1,-1,-1,-1,-1,3183,3378,-1,NA,0,0,0,0,0,0,0,0,0,0,0,0,0,0,0,0,0,0,0,0,0,0,0,0,mining
Meghann H,-1,-1,-1,-1,-1,-1,-1,-1,-1,-1,-1,-1,3182,3374,-1,NA,0,0,0,0,0,0,0,0,0,0,0,0,0,0,0,0,0,0,0,0,0,0,0,0,mining
fbh2004,-1,-1,-1,1205,-1,1171,-1,-1,-1,-1,-1,-1,3175,3367,-1,NA,0,0,0,0,0,0,0,0,0,0,0,0,0,0,0,0,0,0,0,0,0,0,0,0,mining
AubriellaBai,-1,-1,-1,1265,-1,-1,-1,-1,-1,-1,-1,-1,3179,3383,-1,NA,0,0,0,0,0,0,0,0,0,0,0,0,0,0,0,0,0,0,0,0,0,0,0,0,mining
ClarkeAllen4,-1,-1,-1,-1,-1,-1,-1,-1,-1,-1,-1,-1,3180,3371,629,NA,0,0,0,0,0,0,0,0,0,0,0,0,0,0,0,0,0,0,0,0,0,0,0,0,mining
Pearl Wait,-1,-1,-1,-1,-1,-1,-1,-1,-1,-1,-1,-1,3181,3372,-1,NA,0,0,0,0,0,0,0,0,0,0,0,0,0,0,0,0,0,0,0,0,0,0,0,0,mining
Norrie MB,-1,-1,-1,-1,-1,-1,-1,-1,-1,-1,-1,-1,3183,3378,624,NA,0,0,0,0,0,0,0,0,0,0,0,0,0,0,0,0,0,0,0,0,0,0,0,0,mining
HildyMajlis,-1,-1,-1,-1,-1,-1,-1,-1,-1,-1,-1,-1,3180,3371,624,NA,0,0,0,0,0,0,0,0,0,0,0,0,0,0,0,0,0,0,0,0,0,0,0,0,mining
BereniceZ,-1,-1,-1,-1,-1,-1,-1,-1,-1,-1,-1,-1,3175,3367,624,NA,0,0,0,0,0,0,0,0,0,0,0,0,0,0,0,0,0,0,0,0,0,0,0,0,mining
washosky,2910,11852,-1,841,1833,-1,-1,1033,-1,-1,88,-1,3166,3382,-1,NA,0,0,0,0,0,0,0,0,0,0,0,0,0,0,0,0,0,0,0,0,0,0,0,0,mining
KennediAbbot,-1,-1,-1,-1,-1,-1,-1,-1,-1,-1,-1,-1,3181,3372,627,NA,0,0,0,0,0,0,0,0,0,0,0,0,0,0,0,0,0,0,0,0,0,0,0,0,mining
Harpoon Wax,-1,-1,-1,-1,-1,-1,-1,-1,-1,-1,-1,-1,3180,3371,624,NA,0,0,0,0,0,0,0,0,0,0,0,0,0,0,0,0,0,0,0,0,0,0,0,0,mining
An Sale,-1,-1,-1,-1,-1,-1,-1,-1,-1,-1,-1,-1,3183,3378,624,NA,0,0,0,0,0,0,0,0,0,0,0,0,0,0,0,0,0,0,0,0,0,0,0,0,mining
Buccal Clint,-1,-1,-1,-1,-1,-1,-1,-1,-1,-1,-1,-1,3182,3378,-1,NA,0,0,0,0,0,0,0,0,0,0,0,0,0,0,0,0,0,0,0,0,0,0,0,0,mining
KoaTitan,-1,-1,-1,-1,-1,-1,-1,-1,-1,-1,-1,-1,3175,3367,624,NA,0,0,0,0,0,0,0,0,0,0,0,0,0,0,0,0,0,0,0,0,0,0,0,0,mining
0esterreich,-1,-1,-1,1269,-1,-1,-1,-1,-1,-1,-1,-1,3181,3372,-1,NA,0,0,0,0,0,0,0,0,0,0,0,0,0,0,0,0,0,0,0,0,0,0,0,0,mining
Madelle IM,-1,-1,-1,-1,-1,-1,-1,-1,-1,-1,-1,-1,3180,3371,-1,NA,0,0,0,0,0,0,0,0,0,0,0,0,0,0,0,0,0,0,0,0,0,0,0,0,mining
macueiellobo,-1,-1,-1,12297,-1,-1,-1,-1,-1,-1,-1,-1,3183,3378,3873,NA,0,0,0,0,0,0,0,0,0,0,0,0,0,0,0,0,0,0,0,0,0,0,0,0,mining
AliTrenail,-1,-1,-1,-1,-1,-1,-1,-1,-1,-1,-1,-1,3183,3374,-1,NA,0,0,0,0,0,0,0,0,0,0,0,0,0,0,0,0,0,0,0,0,0,0,0,0,mining
Page PK,-1,-1,-1,-1,-1,-1,-1,-1,-1,-1,-1,-1,3183,3373,-1,NA,0,0,0,0,0,0,0,0,0,0,0,0,0,0,0,0,0,0,0,0,0,0,0,0,mining
WendallWame,-1,-1,-1,-1,-1,-1,-1,-1,-1,-1,-1,-1,3181,3372,624,NA,0,0,0,0,0,0,0,0,0,0,0,0,0,0,0,0,0,0,0,0,0,0,0,0,mining
nomebanen123,-1,-1,-1,-1,-1,-1,-1,-1,-1,-1,-1,-1,3181,3372,-1,NA,0,0,0,0,0,0,0,0,0,0,0,0,0,0,0,0,0,0,0,0,0,0,0,0,mining
TanMono,-1,-1,-1,-1,-1,-1,-1,-1,-1,-1,-1,-1,3181,3385,-1,NA,0,0,0,0,0,0,0,0,0,0,0,0,0,0,0,0,0,0,0,0,0,0,0,0,mining
AoRufe,-1,-1,-1,-1,-1,-1,-1,-1,-1,-1,-1,-1,3175,3367,624,NA,0,0,0,0,0,0,0,0,0,0,0,0,0,0,0,0,0,0,0,0,0,0,0,0,mining
Tinn09,-1,-1,-1,1273,-1,-1,-1,-1,-1,-1,-1,-1,3176,3366,-1,NA,0,0,0,0,0,0,0,0,0,0,0,0,0,0,0,0,0,0,0,0,0,0,0,0,mining
Browny Lev,-1,-1,-1,-1,-1,-1,-1,-1,-1,-1,-1,-1,3181,3372,624,NA,0,0,0,0,0,0,0,0,0,0,0,0,0,0,0,0,0,0,0,0,0,0,0,0,mining
FK Kirsti,-1,-1,-1,-1,-1,-1,-1,-1,-1,-1,-1,-1,3175,3367,-1,NA,0,0,0,0,0,0,0,0,0,0,0,0,0,0,0,0,0,0,0,0,0,0,0,0,mining
Gush Mis,-1,-1,-1,-1,-1,-1,-1,-1,-1,-1,-1,-1,3183,3378,-1,NA,0,0,0,0,0,0,0,0,0,0,0,0,0,0,0,0,0,0,0,0,0,0,0,0,mining
VJ Sharline,-1,-1,-1,-1,-1,-1,-1,-1,-1,-1,-1,-1,3176,3367,-1,NA,0,0,0,0,0,0,0,0,0,0,0,0,0,0,0,0,0,0,0,0,0,0,0,0,mining
LockedAx,-1,-1,-1,-1,-1,-1,-1,-1,-1,-1,-1,-1,3181,3384,-1,NA,0,0,0,0,0,0,0,0,0,0,0,0,0,0,0,0,0,0,0,0,0,0,0,0,mining
Sunset Grete,-1,-1,-1,-1,-1,-1,-1,-1,-1,-1,-1,-1,3175,3367,-1,NA,0,0,0,0,0,0,0,0,0,0,0,0,0,0,0,0,0,0,0,0,0,0,0,0,mining
HarleyAlarse,-1,-1,-1,1265,-1,-1,-1,-1,-1,-1,-1,-1,3180,3371,627,NA,0,0,0,0,0,0,0,0,0,0,0,0,0,0,0,0,0,0,0,0,0,0,0,0,mining
louisthepray,-1,-1,-1,12297,-1,-1,-1,-1,-1,-1,-1,-1,3180,3371,3873,NA,0,0,0,0,0,0,0,0,0,0,0,0,0,0,0,0,0,0,0,0,0,0,0,0,mining
DYMeta,-1,-1,-1,-1,-1,-1,-1,-1,-1,-1,-1,-1,3182,3372,-1,NA,0,0,0,0,0,0,0,0,0,0,0,0,0,0,0,0,0,0,0,0,0,0,0,0,mining
Squalid Rich,-1,-1,-1,-1,-1,-1,-1,-1,-1,-1,-1,-1,3176,3368,624,NA,0,0,0,0,0,0,0,0,0,0,0,0,0,0,0,0,0,0,0,0,0,0,0,0,mining
Dorkland,-1,-1,-1,1349,-1,-1,-1,-1,-1,-1,1061,-1,3176,3366,624,NA,0,0,0,0,0,0,0,0,0,0,0,0,0,0,0,0,0,0,0,0,0,0,0,0,mining
KeySvend,-1,-1,-1,-1,-1,-1,-1,-1,-1,-1,-1,-1,3181,3372,-1,NA,0,0,0,0,0,0,0,0,0,0,0,0,0,0,0,0,0,0,0,0,0,0,0,0,mining
KarylWP,-1,-1,-1,-1,-1,-1,-1,-1,-1,-1,-1,-1,3181,3385,-1,NA,0,0,0,0,0,0,0,0,0,0,0,0,0,0,0,0,0,0,0,0,0,0,0,0,mining
Slub Ced,-1,-1,-1,-1,-1,-1,-1,-1,-1,-1,-1,-1,3183,3378,624,NA,0,0,0,0,0,0,0,0,0,0,0,0,0,0,0,0,0,0,0,0,0,0,0,0,mining
Sp000kyGh0st,-1,-1,1725,1271,-1,-1,-1,-1,-1,2942,1061,-1,3175,3367,-1,NA,0,0,0,0,0,0,0,0,0,0,0,0,0,0,0,0,0,0,0,0,0,0,0,0,mining
Leckband,7594,-1,-1,1387,-1,-1,-1,-1,-1,1059,-1,-1,3175,3367,-1,NA,0,0,0,0,0,0,0,0,0,0,0,0,0,0,0,0,0,0,0,0,0,0,0,0,mining
BurlieIM,-1,-1,-1,-1,-1,-1,-1,-1,-1,-1,-1,-1,3181,3372,-1,NA,0,0,0,0,0,0,0,0,0,0,0,0,0,0,0,0,0,0,0,0,0,0,0,0,mining
Esterguin,1147,1007,1729,1275,1113,1179,-1,1073,-1,1065,1061,-1,3176,3366,-1,NA,0,0,0,0,0,0,0,0,0,0,0,0,0,0,0,0,0,0,0,0,0,0,0,0,mining
Joceline Adz,-1,-1,-1,-1,-1,-1,-1,-1,-1,-1,-1,-1,3182,3375,-1,NA,0,0,0,0,0,0,0,0,0,0,0,0,0,0,0,0,0,0,0,0,0,0,0,0,mining
UmberEzri,-1,-1,-1,-1,-1,-1,-1,-1,-1,-1,-1,-1,3175,3367,-1,NA,0,0,0,0,0,0,0,0,0,0,0,0,0,0,0,0,0,0,0,0,0,0,0,0,mining
Cooktellkey,-1,-1,-1,-1,-1,-1,-1,-1,-1,-1,-1,-1,3183,3378,-1,NA,0,0,0,0,0,0,0,0,0,0,0,0,0,0,0,0,0,0,0,0,0,0,0,0,mining
Fishphrin461,1157,-1,-1,1265,1119,-1,-1,1069,-1,-1,1061,-1,3180,3371,625,NA,0,0,0,0,0,0,0,0,0,0,0,0,0,0,0,0,0,0,0,0,0,0,0,0,mining
PopTeresina,-1,-1,-1,-1,-1,-1,-1,-1,-1,-1,-1,-1,3181,3372,-1,NA,0,0,0,0,0,0,0,0,0,0,0,0,0,0,0,0,0,0,0,0,0,0,0,0,mining
ZarateMojers,-1,-1,-1,1265,-1,-1,-1,-1,-1,-1,-1,-1,3183,3378,625,NA,0,0,0,0,0,0,0,0,0,0,0,0,0,0,0,0,0,0,0,0,0,0,0,0,mining
IM Smelt,-1,4355,1727,1275,-1,13660,-1,-1,-1,-1,3061,-1,3177,3369,-1,NA,0,0,0,0,0,0,0,0,0,0,0,0,0,0,0,0,0,0,0,0,0,0,0,0,mining
Exodus Fuchs,-1,-1,-1,-1,-1,-1,-1,-1,-1,-1,-1,-1,3181,3372,624,NA,0,0,0,0,0,0,0,0,0,0,0,0,0,0,0,0,0,0,0,0,0,0,0,0,mining
Marven F,-1,-1,-1,-1,-1,-1,-1,-1,-1,-1,-1,-1,3180,3371,-1,NA,0,0,0,0,0,0,0,0,0,0,0,0,0,0,0,0,0,0,0,0,0,0,0,0,mining
UbeGoddart,-1,-1,-1,-1,-1,-1,-1,-1,-1,-1,-1,-1,3182,3377,624,NA,0,0,0,0,0,0,0,0,0,0,0,0,0,0,0,0,0,0,0,0,0,0,0,0,mining
PedroIM,-1,-1,-1,-1,-1,-1,-1,-1,-1,-1,-1,-1,3175,3367,-1,NA,0,0,0,0,0,0,0,0,0,0,0,0,0,0,0,0,0,0,0,0,0,0,0,0,mining
DESSIREDD319,1163,1019,1731,1333,1123,1199,-1,1079,-1,1059,1061,-1,3175,3358,-1,NA,0,0,0,0,0,0,0,0,0,0,0,0,0,0,0,0,0,0,0,0,0,0,0,0,mining
Zurcres9757,-1,-1,-1,-1,-1,-1,-1,-1,-1,-1,-1,-1,3184,3377,-1,NA,0,0,0,0,0,0,0,0,0,0,0,0,0,0,0,0,0,0,0,0,0,0,0,0,mining
RedKevon,-1,-1,-1,-1,-1,-1,-1,-1,-1,-1,-1,-1,3175,3367,-1,NA,0,0,0,0,0,0,0,0,0,0,0,0,0,0,0,0,0,0,0,0,0,0,0,0,mining
SecBlondy,-1,-1,-1,-1,-1,-1,-1,-1,-1,-1,-1,-1,3181,3372,-1,NA,0,0,0,0,0,0,0,0,0,0,0,0,0,0,0,0,0,0,0,0,0,0,0,0,mining
FrowzyIona,-1,-1,-1,-1,-1,-1,-1,-1,-1,-1,-1,-1,3182,3377,624,NA,0,0,0,0,0,0,0,0,0,0,0,0,0,0,0,0,0,0,0,0,0,0,0,0,mining
GabrielleLar,-1,-1,-1,1265,-1,-1,-1,-1,-1,-1,-1,-1,3180,3371,627,NA,0,0,0,0,0,0,0,0,0,0,0,0,0,0,0,0,0,0,0,0,0,0,0,0,mining
60 Riyl 1301,2613,-1,1478,1333,2607,1540,-1,1095,-1,-1,-1,-1,3191,3362,-1,NA,0,0,0,0,0,0,0,0,0,0,0,0,0,0,0,0,0,0,0,0,0,0,0,0,mining
BronzeAggi,-1,-1,-1,-1,-1,-1,-1,-1,-1,-1,-1,-1,3175,3367,-1,NA,0,0,0,0,0,0,0,0,0,0,0,0,0,0,0,0,0,0,0,0,0,0,0,0,mining
yor999,-1,-1,1731,1271,-1,-1,-1,-1,-1,-1,-1,-1,3177,3369,-1,NA,0,0,0,0,0,0,0,0,0,0,0,0,0,0,0,0,0,0,0,0,0,0,0,0,mining
dirty1dan,1159,-1,1729,2402,1121,1197,-1,1071,-1,1059,1061,-1,3188,3385,-1,NA,0,0,0,0,0,0,0,0,0,0,0,0,0,0,0,0,0,0,0,0,0,0,0,0,mining
Morie JI,-1,-1,-1,-1,-1,-1,-1,-1,-1,-1,-1,-1,3180,3371,-1,NA,0,0,0,0,0,0,0,0,0,0,0,0,0,0,0,0,0,0,0,0,0,0,0,0,mining
Duff Mae,-1,-1,-1,-1,-1,-1,-1,-1,-1,-1,-1,-1,3182,3376,-1,NA,0,0,0,0,0,0,0,0,0,0,0,0,0,0,0,0,0,0,0,0,0,0,0,0,mining
Paesche,1137,1007,1478,1297,1115,1189,-1,1067,-1,1059,1061,-1,3177,3365,-1,NA,0,0,0,0,0,0,0,0,0,0,0,0,0,0,0,0,0,0,0,0,0,0,0,0,mining
EsmaPhonon,-1,-1,-1,-1,-1,-1,-1,-1,-1,-1,-1,-1,3175,3367,624,NA,0,0,0,0,0,0,0,0,0,0,0,0,0,0,0,0,0,0,0,0,0,0,0,0,mining
Joelly WY,-1,-1,-1,-1,-1,-1,-1,-1,-1,-1,-1,-1,3182,3377,-1,NA,0,0,0,0,0,0,0,0,0,0,0,0,0,0,0,0,0,0,0,0,0,0,0,0,mining
Almond Ian,-1,-1,-1,-1,-1,-1,-1,-1,-1,-1,-1,-1,3181,3372,-1,NA,0,0,0,0,0,0,0,0,0,0,0,0,0,0,0,0,0,0,0,0,0,0,0,0,mining
cozubujagiji,-1,-1,-1,1265,-1,-1,-1,-1,-1,-1,-1,-1,3180,3371,625,NA,0,0,0,0,0,0,0,0,0,0,0,0,0,0,0,0,0,0,0,0,0,0,0,0,mining
SN Alikee,-1,-1,-1,-1,-1,-1,-1,-1,-1,-1,-1,-1,3182,3377,-1,NA,0,0,0,0,0,0,0,0,0,0,0,0,0,0,0,0,0,0,0,0,0,0,0,0,mining
Cobalt Caren,-1,-1,-1,-1,-1,-1,-1,-1,-1,-1,-1,-1,3181,3372,-1,NA,0,0,0,0,0,0,0,0,0,0,0,0,0,0,0,0,0,0,0,0,0,0,0,0,mining
MaeHensley0,-1,-1,-1,1265,-1,-1,-1,-1,-1,-1,-1,-1,3183,3378,-1,NA,0,0,0,0,0,0,0,0,0,0,0,0,0,0,0,0,0,0,0,0,0,0,0,0,mining
ETHAN TREE1,-1,-1,-1,1273,-1,-1,-1,-1,-1,-1,-1,-1,3173,3367,-1,NA,0,0,0,0,0,0,0,0,0,0,0,0,0,0,0,0,0,0,0,0,0,0,0,0,mining
Gamboge Ag,-1,-1,-1,-1,-1,-1,-1,-1,-1,-1,-1,-1,3175,3367,-1,NA,0,0,0,0,0,0,0,0,0,0,0,0,0,0,0,0,0,0,0,0,0,0,0,0,mining
Her Kalie,-1,-1,-1,-1,-1,-1,-1,-1,-1,-1,-1,-1,3182,3376,-1,NA,0,0,0,0,0,0,0,0,0,0,0,0,0,0,0,0,0,0,0,0,0,0,0,0,mining
IMLookers,-1,-1,-1,-1,-1,-1,-1,-1,-1,-1,-1,-1,3179,3383,-1,NA,0,0,0,0,0,0,0,0,0,0,0,0,0,0,0,0,0,0,0,0,0,0,0,0,mining
Goddard R,-1,-1,-1,-1,-1,-1,-1,-1,-1,-1,-1,-1,3175,3367,-1,NA,0,0,0,0,0,0,0,0,0,0,0,0,0,0,0,0,0,0,0,0,0,0,0,0,mining
BaySuing,-1,-1,-1,-1,-1,-1,-1,-1,-1,-1,-1,-1,3183,3378,628,NA,0,0,0,0,0,0,0,0,0,0,0,0,0,0,0,0,0,0,0,0,0,0,0,0,mining
Trafflgr,2627,4315,-1,1355,1113,1201,-1,1093,-1,-1,-1,-1,3192,3362,-1,NA,0,0,0,0,0,0,0,0,0,0,0,0,0,0,0,0,0,0,0,0,0,0,0,0,mining
Ser Deckard,1159,1019,1731,1333,1113,1201,-1,1093,-1,-1,-1,-1,3184,3378,-1,NA,0,0,0,0,0,0,0,0,0,0,0,0,0,0,0,0,0,0,0,0,0,0,0,0,mining
papoaguaoo,-1,-1,-1,1351,-1,-1,-1,-1,-1,-1,-1,-1,3180,3383,-1,NA,0,0,0,0,0,0,0,0,0,0,0,0,0,0,0,0,0,0,0,0,0,0,0,0,mining
PearlEb,-1,-1,-1,-1,-1,-1,-1,-1,-1,-1,-1,-1,3181,3372,624,NA,0,0,0,0,0,0,0,0,0,0,0,0,0,0,0,0,0,0,0,0,0,0,0,0,mining
Delly X,-1,-1,-1,-1,-1,-1,-1,-1,-1,-1,-1,-1,3175,3367,624,NA,0,0,0,0,0,0,0,0,0,0,0,0,0,0,0,0,0,0,0,0,0,0,0,0,mining
Linen Desi,-1,-1,-1,-1,-1,-1,-1,-1,-1,-1,-1,-1,3182,3377,624,NA,0,0,0,0,0,0,0,0,0,0,0,0,0,0,0,0,0,0,0,0,0,0,0,0,mining
for101,-1,-1,-1,1265,-1,1171,-1,-1,-1,-1,-1,-1,3183,3378,625,NA,0,0,0,0,0,0,0,0,0,0,0,0,0,0,0,0,0,0,0,0,0,0,0,0,mining
Milygame,-1,-1,-1,-1,-1,-1,-1,-1,-1,-1,-1,-1,3180,3371,3873,NA,0,0,0,0,0,0,0,0,0,0,0,0,0,0,0,0,0,0,0,0,0,0,0,0,mining
maikzz123,1163,1027,-1,1273,1123,1201,-1,1079,-1,-1,-1,-1,3176,3366,-1,NA,0,0,0,0,0,0,0,0,0,0,0,0,0,0,0,0,0,0,0,0,0,0,0,0,mining
Ev VW,-1,-1,-1,-1,-1,-1,-1,-1,-1,-1,-1,-1,3175,3367,-1,NA,0,0,0,0,0,0,0,0,0,0,0,0,0,0,0,0,0,0,0,0,0,0,0,0,mining
MrPOPO30,1153,-1,1478,1295,1119,1191,-1,1067,-1,1059,1061,-1,3169,3383,-1,NA,0,0,0,0,0,0,0,0,0,0,0,0,0,0,0,0,0,0,0,0,0,0,0,0,mining
Josh YD,-1,-1,-1,-1,-1,-1,-1,-1,-1,-1,-1,-1,3182,3380,-1,NA,0,0,0,0,0,0,0,0,0,0,0,0,0,0,0,0,0,0,0,0,0,0,0,0,mining
LatheryFlo,-1,-1,-1,-1,-1,-1,-1,-1,-1,-1,-1,-1,3180,3371,624,NA,0,0,0,0,0,0,0,0,0,0,0,0,0,0,0,0,0,0,0,0,0,0,0,0,mining
mechanic562,-1,-1,-1,1265,-1,1171,-1,-1,-1,-1,-1,-1,3183,3378,625,NA,0,0,0,0,0,0,0,0,0,0,0,0,0,0,0,0,0,0,0,0,0,0,0,0,mining
Yorgos A,-1,-1,-1,-1,-1,-1,-1,-1,-1,-1,-1,-1,3175,3367,624,NA,0,0,0,0,0,0,0,0,0,0,0,0,0,0,0,0,0,0,0,0,0,0,0,0,mining
ShoalyUna,-1,-1,-1,-1,-1,-1,-1,-1,-1,-1,-1,-1,3180,3371,624,NA,0,0,0,0,0,0,0,0,0,0,0,0,0,0,0,0,0,0,0,0,0,0,0,0,mining
ScarletAxel,-1,-1,-1,-1,-1,-1,-1,-1,-1,-1,-1,-1,3181,3372,-1,NA,0,0,0,0,0,0,0,0,0,0,0,0,0,0,0,0,0,0,0,0,0,0,0,0,mining
FarFleer,-1,-1,-1,-1,-1,-1,-1,-1,-1,-1,-1,-1,3183,3378,-1,NA,0,0,0,0,0,0,0,0,0,0,0,0,0,0,0,0,0,0,0,0,0,0,0,0,mining
BrazilChamp,-1,-1,552,-1,-1,-1,-1,-1,-1,-1,-1,-1,3180,3371,-1,NA,0,0,0,0,0,0,0,0,0,0,0,0,0,0,0,0,0,0,0,0,0,0,0,0,mining
X Butters X1,6182,-1,-1,-1,-1,-1,-1,-1,-1,-1,-1,-1,3175,3367,-1,NA,0,0,0,0,0,0,0,0,0,0,0,0,0,0,0,0,0,0,0,0,0,0,0,0,mining
Arnoldo RP,-1,-1,-1,-1,-1,-1,-1,-1,-1,-1,-1,-1,3180,3371,628,NA,0,0,0,0,0,0,0,0,0,0,0,0,0,0,0,0,0,0,0,0,0,0,0,0,mining
AoStaford,-1,-1,-1,-1,-1,-1,-1,-1,-1,-1,-1,-1,3181,3385,-1,NA,0,0,0,0,0,0,0,0,0,0,0,0,0,0,0,0,0,0,0,0,0,0,0,0,mining
electron210,579,4353,-1,1275,1035,13660,-1,1033,-1,-1,-1,-1,3175,3367,-1,NA,0,0,0,0,0,0,0,0,0,0,0,0,0,0,0,0,0,0,0,0,0,0,0,0,mining
cersarftr34,-1,-1,-1,1265,-1,-1,-1,-1,-1,-1,-1,-1,3182,3376,625,NA,0,0,0,0,0,0,0,0,0,0,0,0,0,0,0,0,0,0,0,0,0,0,0,0,mining
Almond Dyan,-1,-1,-1,-1,-1,-1,-1,-1,-1,-1,-1,-1,3181,3374,-1,NA,0,0,0,0,0,0,0,0,0,0,0,0,0,0,0,0,0,0,0,0,0,0,0,0,mining
AshyTew,-1,-1,-1,-1,-1,-1,-1,-1,-1,-1,-1,-1,3175,3367,-1,NA,0,0,0,0,0,0,0,0,0,0,0,0,0,0,0,0,0,0,0,0,0,0,0,0,mining
PuffedCooey,-1,-1,-1,-1,-1,-1,-1,-1,-1,-1,-1,-1,3181,3372,-1,NA,0,0,0,0,0,0,0,0,0,0,0,0,0,0,0,0,0,0,0,0,0,0,0,0,mining
JointHi,-1,-1,-1,-1,-1,-1,-1,-1,-1,-1,-1,-1,3179,3370,-1,NA,0,0,0,0,0,0,0,0,0,0,0,0,0,0,0,0,0,0,0,0,0,0,0,0,mining
MA Melesa,-1,-1,-1,-1,-1,-1,-1,-1,-1,-1,-1,-1,3177,3385,-1,NA,0,0,0,0,0,0,0,0,0,0,0,0,0,0,0,0,0,0,0,0,0,0,0,0,mining
LSAbby,-1,-1,-1,-1,-1,-1,-1,-1,-1,-1,-1,-1,3181,3372,-1,NA,0,0,0,0,0,0,0,0,0,0,0,0,0,0,0,0,0,0,0,0,0,0,0,0,mining
BarkingBev,-1,-1,-1,-1,-1,-1,-1,-1,-1,-1,-1,-1,3175,3367,-1,NA,0,0,0,0,0,0,0,0,0,0,0,0,0,0,0,0,0,0,0,0,0,0,0,0,mining
Angel Luisit,-1,-1,-1,1269,-1,-1,-1,-1,-1,-1,-1,-1,3180,3371,627,NA,0,0,0,0,0,0,0,0,0,0,0,0,0,0,0,0,0,0,0,0,0,0,0,0,mining
seajizzkit,1141,-1,-1,1295,1117,1171,-1,-1,-1,-1,-1,-1,3175,3362,-1,NA,0,0,0,0,0,0,0,0,0,0,0,0,0,0,0,0,0,0,0,0,0,0,0,0,mining
ZR Misha,-1,-1,-1,-1,-1,-1,-1,-1,-1,-1,-1,-1,3181,3381,-1,NA,0,0,0,0,0,0,0,0,0,0,0,0,0,0,0,0,0,0,0,0,0,0,0,0,mining
JackGreyfyre,1141,1007,552,1267,1115,1191,-1,1069,-1,1059,1061,-1,3176,3364,626,NA,0,0,0,0,0,0,0,0,0,0,0,0,0,0,0,0,0,0,0,0,0,0,0,0,mining
Arsenic Ruby,-1,-1,-1,-1,-1,-1,-1,-1,-1,-1,-1,-1,3181,3372,624,NA,0,0,0,0,0,0,0,0,0,0,0,0,0,0,0,0,0,0,0,0,0,0,0,0,mining
CyanMariel,-1,-1,-1,-1,-1,-1,-1,-1,-1,-1,-1,-1,3181,3385,-1,NA,0,0,0,0,0,0,0,0,0,0,0,0,0,0,0,0,0,0,0,0,0,0,0,0,mining
BurtyFF,-1,-1,-1,-1,-1,-1,-1,-1,-1,-1,-1,-1,3181,3381,-1,NA,0,0,0,0,0,0,0,0,0,0,0,0,0,0,0,0,0,0,0,0,0,0,0,0,mining
elias19993xk,-1,-1,-1,-1,-1,-1,-1,-1,-1,-1,-1,-1,3193,3374,-1,NA,0,0,0,0,0,0,0,0,0,0,0,0,0,0,0,0,0,0,0,0,0,0,0,0,mining
7_ip,6188,1023,10364,1275,6654,-1,-1,6181,-1,2912,9006,-1,3175,3367,-1,NA,0,0,0,0,0,0,0,0,0,0,0,0,0,0,0,0,0,0,0,0,0,0,0,0,mining
Em-in-em,1165,-1,-1,12297,-1,1179,-1,-1,-1,-1,-1,-1,3182,3376,3873,NA,0,0,0,0,0,0,0,0,0,0,0,0,0,0,0,0,0,0,0,0,0,0,0,0,mining
JJRM04,2627,1019,1725,1381,2599,2629,-1,2625,-1,2932,1061,-1,3191,3362,-1,NA,0,0,0,0,0,0,0,0,0,0,0,0,0,0,0,0,0,0,0,0,0,0,0,0,mining
camila v11,579,-1,1478,12297,-1,-1,-1,-1,-1,-1,-1,-1,3182,3375,-1,NA,0,0,0,0,0,0,0,0,0,0,0,0,0,0,0,0,0,0,0,0,0,0,0,0,mining
CapJr2211,1161,1019,1729,1265,1123,-1,-1,1073,-1,1063,1061,-1,3177,3369,625,NA,0,0,0,0,0,0,0,0,0,0,0,0,0,0,0,0,0,0,0,0,0,0,0,0,mining
XxtheparuxX,1153,-1,-1,1323,-1,-1,-1,-1,-1,-1,-1,-1,3178,3384,-1,NA,0,0,0,0,0,0,0,0,0,0,0,0,0,0,0,0,0,0,0,0,0,0,0,0,mining
Farexcorp,1949,-1,-1,1267,-1,-1,-1,-1,-1,-1,-1,-1,3181,3374,-1,NA,0,0,0,0,0,0,0,0,0,0,0,0,0,0,0,0,0,0,0,0,0,0,0,0,mining
Trybal508,1161,4399,1731,1333,1123,1199,-1,1073,-1,2912,1061,-1,3191,3364,-1,NA,0,0,0,0,0,0,0,0,0,0,0,0,0,0,0,0,0,0,0,0,0,0,0,0,mining
Rafaextermin,-1,1019,1727,1275,-1,-1,-1,-1,-1,1059,1061,-1,3182,3377,-1,NA,0,0,0,0,0,0,0,0,0,0,0,0,0,0,0,0,0,0,0,0,0,0,0,0,mining
Tepkunset,1153,4337,-1,11709,1115,1191,-1,1081,-1,2922,23093,-1,3186,3362,1162,NA,0,0,0,0,0,0,0,0,0,0,0,0,0,0,0,0,0,0,0,0,0,0,0,0,mining
CeladonJo,-1,-1,-1,-1,-1,-1,-1,-1,-1,-1,-1,-1,3175,3367,624,NA,0,0,0,0,0,0,0,0,0,0,0,0,0,0,0,0,0,0,0,0,0,0,0,0,mining
rio1413,-1,-1,-1,-1,-1,-1,-1,-1,-1,-1,-1,-1,3181,3372,-1,NA,0,0,0,0,0,0,0,0,0,0,0,0,0,0,0,0,0,0,0,0,0,0,0,0,mining
OkKeynote,-1,-1,-1,-1,-1,-1,-1,-1,-1,-1,-1,-1,3182,3377,624,NA,0,0,0,0,0,0,0,0,0,0,0,0,0,0,0,0,0,0,0,0,0,0,0,0,mining
OrangeHenry,-1,-1,-1,1265,6180,-1,-1,6181,-1,-1,9005,-1,3172,3365,-1,NA,0,0,0,0,0,0,0,0,0,0,0,0,0,0,0,0,0,0,0,0,0,0,0,0,mining
AbVisa,-1,-1,-1,-1,-1,-1,-1,-1,-1,-1,-1,-1,3181,3372,-1,NA,0,0,0,0,0,0,0,0,0,0,0,0,0,0,0,0,0,0,0,0,0,0,0,0,mining
jay110418,-1,-1,-1,-1,-1,-1,-1,-1,-1,-1,-1,-1,3195,3384,-1,NA,0,0,0,0,0,0,0,0,0,0,0,0,0,0,0,0,0,0,0,0,0,0,0,0,mining
swawefsdfa,-1,-1,-1,1265,-1,1171,-1,-1,-1,-1,-1,-1,3177,3369,625,NA,0,0,0,0,0,0,0,0,0,0,0,0,0,0,0,0,0,0,0,0,0,0,0,0,mining
Manatabulous,-1,4343,1731,1275,-1,-1,-1,-1,-1,2942,9005,-1,3173,3385,-1,NA,0,0,0,0,0,0,0,0,0,0,0,0,0,0,0,0,0,0,0,0,0,0,0,0,mining
moana25,579,-1,1009,1265,1115,1171,-1,-1,-1,-1,1061,-1,3242,3153,-1,NA,0,0,0,0,0,0,0,0,0,0,0,0,0,0,0,0,0,0,0,0,0,0,0,0,mining
FletcherLOL,-1,-1,-1,1277,-1,-1,-1,-1,-1,-1,-1,-1,3244,3152,-1,NA,0,0,0,0,0,0,0,0,0,0,0,0,0,0,0,0,0,0,0,0,0,0,0,0,mining
fgbdfgfg,-1,-1,-1,22358,-1,1191,-1,-1,-1,-1,-1,-1,3239,3147,621,NA,0,0,0,0,0,0,0,0,0,0,0,0,0,0,0,0,0,0,0,0,0,0,0,0,mining
revenatpk65,1055,1007,-1,1355,-1,-1,-1,-1,-1,-1,-1,-1,3239,3147,621,NA,0,0,0,0,0,0,0,0,0,0,0,0,0,0,0,0,0,0,0,0,0,0,0,0,mining
capital12340,-1,-1,-1,9703,-1,9704,-1,-1,-1,-1,-1,-1,3240,3155,-1,NA,0,0,0,0,0,0,0,0,0,0,0,0,0,0,0,0,0,0,0,0,0,0,0,0,mining
Dragonwagame,-1,-1,-1,1351,-1,13660,-1,-1,-1,-1,-1,-1,3228,3145,-1,NA,0,0,0,0,0,0,0,0,0,0,0,0,0,0,0,0,0,0,0,0,0,0,0,0,mining
tona002,-1,-1,-1,1277,-1,1171,-1,-1,-1,1059,1061,-1,3223,3147,-1,NA,0,0,0,0,0,0,0,0,0,0,0,0,0,0,0,0,0,0,0,0,0,0,0,0,mining
I BOYKA I,1163,4359,-1,1333,1113,2629,-1,1079,-1,2932,1061,-1,3242,3155,897,NA,0,0,0,0,0,0,0,0,0,0,0,0,0,0,0,0,0,0,0,0,0,0,0,0,mining
Brazzeador20,-1,-1,-1,-1,-1,-1,-1,-1,-1,-1,1061,-1,3231,3152,-1,NA,0,0,0,0,0,0,0,0,0,0,0,0,0,0,0,0,0,0,0,0,0,0,0,0,mining
SippSizzurp,-1,-1,-1,-1,-1,-1,-1,-1,-1,-1,-1,-1,3244,3152,-1,NA,0,0,0,0,0,0,0,0,0,0,0,0,0,0,0,0,0,0,0,0,0,0,0,0,mining
mia arwen,-1,-1,-1,1265,-1,-1,-1,-1,-1,-1,-1,-1,3229,3146,-1,NA,0,0,0,0,0,0,0,0,0,0,0,0,0,0,0,0,0,0,0,0,0,0,0,0,mining
MrsMigg,1141,1019,552,1295,1103,1189,-1,1087,-1,1059,1061,-1,3236,3156,1156,NA,0,0,0,0,0,0,0,0,0,0,0,0,0,0,0,0,0,0,0,0,0,0,0,0,mining
guaro26,-1,-1,-1,1265,-1,-1,-1,-1,-1,-1,-1,-1,3234,3153,-1,NA,0,0,0,0,0,0,0,0,0,0,0,0,0,0,0,0,0,0,0,0,0,0,0,0,mining
ghostwrekk,1167,-1,-1,843,1129,-1,-1,1095,-1,1063,1061,-1,3239,3147,-1,NA,0,0,0,0,0,0,0,0,0,0,0,0,0,0,0,0,0,0,0,0,0,0,0,0,mining
5dorgesh2543,1137,-1,-1,1329,1101,1191,-1,1067,-1,1063,-1,-1,3224,3160,-1,NA,0,0,0,0,0,0,0,0,0,0,0,0,0,0,0,0,0,0,0,0,0,0,0,0,mining
Templar Hurt,-1,-1,-1,1353,6180,-1,-1,-1,-1,1059,-1,-1,3241,3143,621,NA,0,0,0,0,0,0,0,0,0,0,0,0,0,0,0,0,0,0,0,0,0,0,0,0,mining
Eliza_252020,1137,-1,-1,1351,1101,1171,-1,1067,-1,-1,-1,-1,3243,3150,733,NA,0,0,0,0,0,0,0,0,0,0,0,0,0,0,0,0,0,0,0,0,0,0,0,0,mining
Jakicus,-1,-1,1009,1351,-1,1173,-1,-1,-1,-1,-1,-1,3242,3149,-1,NA,0,0,0,0,0,0,0,0,0,0,0,0,0,0,0,0,0,0,0,0,0,0,0,0,mining
silver99,-1,1019,-1,12297,6180,9704,-1,-1,-1,1059,1061,-1,3226,3148,-1,NA,0,0,0,0,0,0,0,0,0,0,0,0,0,0,0,0,0,0,0,0,0,0,0,0,mining
MINI-GAB0,-1,-1,1731,1351,1035,-1,-1,1033,-1,1065,-1,-1,3243,3150,623,NA,0,0,0,0,0,0,0,0,0,0,0,0,0,0,0,0,0,0,0,0,0,0,0,0,mining
7thirdy,-1,-1,-1,1297,7592,-1,-1,-1,-1,1059,7596,-1,3238,3142,-1,NA,0,0,0,0,0,0,0,0,0,0,0,0,0,0,0,0,0,0,0,0,0,0,0,0,mining
miacarloange,579,-1,-1,1381,577,-1,-1,-1,-1,-1,-1,-1,3241,3149,-1,NA,0,0,0,0,0,0,0,0,0,0,0,0,0,0,0,0,0,0,0,0,0,0,0,0,mining
teclado003,-1,-1,-1,-1,-1,-1,-1,-1,-1,-1,-1,-1,3230,3148,625,NA,0,0,0,0,0,0,0,0,0,0,0,0,0,0,0,0,0,0,0,0,0,0,0,0,mining
anej33,-1,-1,-1,-1,-1,-1,-1,-1,-1,-1,-1,-1,3239,3146,621,NA,0,0,0,0,0,0,0,0,0,0,0,0,0,0,0,0,0,0,0,0,0,0,0,0,mining
0Excalibur0,1157,4399,1731,1333,1119,1201,-1,1073,-1,2932,1061,-1,3241,3149,621,NA,0,0,0,0,0,0,0,0,0,0,0,0,0,0,0,0,0,0,0,0,0,0,0,0,mining
molesto09,-1,-1,-1,-1,-1,-1,-1,-1,-1,-1,-1,-1,3229,3147,-1,NA,0,0,0,0,0,0,0,0,0,0,0,0,0,0,0,0,0,0,0,0,0,0,0,0,mining
23hengeput,-1,-1,-1,-1,-1,-1,-1,-1,-1,-1,-1,-1,3231,3147,625,NA,0,0,0,0,0,0,0,0,0,0,0,0,0,0,0,0,0,0,0,0,0,0,0,0,mining
61 Steal 0,-1,1019,-1,1277,-1,1171,-1,-1,-1,-1,-1,-1,3238,3148,-1,NA,0,0,0,0,0,0,0,0,0,0,0,0,0,0,0,0,0,0,0,0,0,0,0,0,mining
CellaaD,-1,-1,-1,1351,-1,-1,-1,-1,-1,-1,-1,-1,3242,3149,-1,NA,0,0,0,0,0,0,0,0,0,0,0,0,0,0,0,0,0,0,0,0,0,0,0,0,mining
Toilet Hole,1048,1019,1009,-1,544,-1,-1,542,-1,2902,9006,-1,3244,3152,621,NA,0,0,0,0,0,0,0,0,0,0,0,0,0,0,0,0,0,0,0,0,0,0,0,0,mining
ceronzz,-1,-1,-1,1265,-1,-1,-1,-1,-1,-1,-1,-1,3230,3146,625,NA,0,0,0,0,0,0,0,0,0,0,0,0,0,0,0,0,0,0,0,0,0,0,0,0,mining
Miguel BM,-1,-1,-1,1277,-1,1171,-1,-1,-1,-1,-1,-1,3226,3148,625,NA,0,0,0,0,0,0,0,0,0,0,0,0,0,0,0,0,0,0,0,0,0,0,0,0,mining
knuckles370,1155,-1,-1,1321,1103,1173,-1,1075,-1,-1,-1,-1,3225,3146,625,NA,0,0,0,0,0,0,0,0,0,0,0,0,0,0,0,0,0,0,0,0,0,0,0,0,mining
GuyOfShy,1167,-1,552,1323,1129,-1,-1,1095,-1,1063,1061,-1,3243,3150,621,NA,0,0,0,0,0,0,0,0,0,0,0,0,0,0,0,0,0,0,0,0,0,0,0,0,mining
Pkgnomemove,1137,-1,-1,1329,1101,1191,-1,1067,-1,1063,-1,-1,3224,3159,-1,NA,0,0,0,0,0,0,0,0,0,0,0,0,0,0,0,0,0,0,0,0,0,0,0,0,mining
49soulwyrm,1153,-1,-1,1329,1115,1191,-1,1067,-1,-1,-1,-1,3227,3160,-1,NA,0,0,0,0,0,0,0,0,0,0,0,0,0,0,0,0,0,0,0,0,0,0,0,0,mining
yeremilara12,-1,-1,-1,-1,-1,-1,-1,-1,-1,-1,-1,-1,3242,3149,621,NA,0,0,0,0,0,0,0,0,0,0,0,0,0,0,0,0,0,0,0,0,0,0,0,0,mining
Badlycool506,1141,-1,1009,1267,1105,1173,-1,1067,-1,1059,1061,-1,3224,3145,-1,NA,0,0,0,0,0,0,0,0,0,0,0,0,0,0,0,0,0,0,0,0,0,0,0,0,mining
x VENOM JR x,-1,-1,-1,1267,-1,-1,-1,-1,-1,-1,-1,-1,3228,3145,-1,NA,0,0,0,0,0,0,0,0,0,0,0,0,0,0,0,0,0,0,0,0,0,0,0,0,mining
SwagPenguin9,-1,-1,-1,1277,-1,-1,-1,-1,-1,-1,-1,-1,3239,3147,621,NA,0,0,0,0,0,0,0,0,0,0,0,0,0,0,0,0,0,0,0,0,0,0,0,0,mining
qhefesto,-1,-1,-1,1277,-1,1171,-1,-1,-1,-1,-1,-1,3243,3150,621,NA,0,0,0,0,0,0,0,0,0,0,0,0,0,0,0,0,0,0,0,0,0,0,0,0,mining
nixaramirez,-1,-1,1009,1267,3058,1173,-1,-1,-1,-1,3061,-1,3226,3148,-1,NA,0,0,0,0,0,0,0,0,0,0,0,0,0,0,0,0,0,0,0,0,0,0,0,0,mining
hot explorer,-1,-1,-1,1277,-1,1171,-1,-1,-1,-1,-1,-1,3222,3161,1156,NA,0,0,0,0,0,0,0,0,0,0,0,0,0,0,0,0,0,0,0,0,0,0,0,0,mining
robcelta,-1,-1,-1,1277,-1,1171,-1,-1,-1,-1,-1,-1,3226,3148,-1,NA,0,0,0,0,0,0,0,0,0,0,0,0,0,0,0,0,0,0,0,0,0,0,0,0,mining
AJR_72,-1,-1,-1,-1,-1,-1,-1,-1,-1,-1,-1,-1,3241,3143,621,NA,0,0,0,0,0,0,0,0,0,0,0,0,0,0,0,0,0,0,0,0,0,0,0,0,mining
ManuelFranco,-1,1019,-1,843,-1,-1,-1,-1,-1,-1,-1,-1,3227,3161,-1,NA,0,0,0,0,0,0,0,0,0,0,0,0,0,0,0,0,0,0,0,0,0,0,0,0,mining
Kraken Up,-1,-1,-1,1269,-1,-1,-1,-1,-1,-1,-1,-1,3228,3145,-1,NA,0,0,0,0,0,0,0,0,0,0,0,0,0,0,0,0,0,0,0,0,0,0,0,0,mining
raheelkhan,1017,-1,-1,22358,581,-1,-1,1067,-1,1063,-1,-1,3239,3147,-1,NA,0,0,0,0,0,0,0,0,0,0,0,0,0,0,0,0,0,0,0,0,0,0,0,0,mining
Steveb633,1155,-1,-1,1297,1105,1173,-1,1083,-1,-1,-1,-1,3243,3156,-1,NA,0,0,0,0,0,0,0,0,0,0,0,0,0,0,0,0,0,0,0,0,0,0,0,0,mining
Ghrimkeysue,1137,-1,-1,1329,1101,1191,-1,1067,-1,1063,-1,-1,3226,3161,-1,NA,0,0,0,0,0,0,0,0,0,0,0,0,0,0,0,0,0,0,0,0,0,0,0,0,mining
heckpickle12,1949,1019,552,-1,-1,-1,-1,-1,-1,-1,-1,-1,3243,3160,-1,NA,0,0,0,0,0,0,0,0,0,0,0,0,0,0,0,0,0,0,0,0,0,0,0,0,mining
charlyarly,-1,1019,552,-1,-1,-1,-1,-1,-1,-1,-1,-1,3239,3157,-1,NA,0,0,0,0,0,0,0,0,0,0,0,0,0,0,0,0,0,0,0,0,0,0,0,0,mining
Mtx all day,-1,-1,-1,-1,-1,-1,-1,-1,-1,-1,-1,-1,3244,3152,621,NA,0,0,0,0,0,0,0,0,0,0,0,0,0,0,0,0,0,0,0,0,0,0,0,0,mining
ivana-2011,-1,-1,-1,1273,-1,-1,-1,-1,-1,-1,-1,-1,3228,3145,629,NA,0,0,0,0,0,0,0,0,0,0,0,0,0,0,0,0,0,0,0,0,0,0,0,0,mining
FishEggsYumm,-1,-1,-1,-1,-1,-1,-1,-1,-1,-1,-1,-1,3244,3152,621,NA,0,0,0,0,0,0,0,0,0,0,0,0,0,0,0,0,0,0,0,0,0,0,0,0,mining
misaeljosue,-1,-1,-1,1355,-1,-1,-1,-1,-1,-1,1061,-1,3243,3150,621,NA,0,0,0,0,0,0,0,0,0,0,0,0,0,0,0,0,0,0,0,0,0,0,0,0,mining
9buffaloelf,1163,-1,1654,1271,1113,1201,-1,1079,-1,1059,1061,-1,3227,3147,5354,NA,0,0,0,0,0,0,0,0,0,0,0,0,0,0,0,0,0,0,0,0,0,0,0,0,mining
elianizarra,-1,-1,-1,1265,-1,-1,-1,-1,-1,-1,-1,-1,3230,3148,625,NA,0,0,0,0,0,0,0,0,0,0,0,0,0,0,0,0,0,0,0,0,0,0,0,0,mining
262623,-1,-1,-1,-1,-1,-1,-1,-1,-1,-1,-1,-1,3244,3152,621,NA,0,0,0,0,0,0,0,0,0,0,0,0,0,0,0,0,0,0,0,0,0,0,0,0,mining
wiz_bro321,1161,4397,1731,1331,1123,1199,-1,1073,-1,1059,1061,-1,3243,3150,623,NA,0,0,0,0,0,0,0,0,0,0,0,0,0,0,0,0,0,0,0,0,0,0,0,0,mining
KnowN4ChaoS,1153,-1,1731,1349,1115,1191,-1,1067,-1,2912,1061,-1,3243,3150,621,NA,0,0,0,0,0,0,0,0,0,0,0,0,0,0,0,0,0,0,0,0,0,0,0,0,mining
Bullseye9090,-1,-1,-1,1351,-1,-1,-1,-1,-1,-1,-1,-1,3243,3150,621,NA,0,0,0,0,0,0,0,0,0,0,0,0,0,0,0,0,0,0,0,0,0,0,0,0,mining
Slipsby1,20178,-1,-1,1325,20169,20181,-1,20172,-1,-1,1061,-1,3243,3151,897,NA,0,0,0,0,0,0,0,0,0,0,0,0,0,0,0,0,0,0,0,0,0,0,0,0,mining
Quintero2206,-1,-1,552,-1,-1,1171,-1,-1,-1,-1,1061,-1,3223,3147,-1,NA,0,0,0,0,0,0,0,0,0,0,0,0,0,0,0,0,0,0,0,0,0,0,0,0,mining
LiamAndrew24,-1,-1,-1,1351,-1,-1,-1,-1,-1,-1,-1,-1,3239,3147,621,NA,0,0,0,0,0,0,0,0,0,0,0,0,0,0,0,0,0,0,0,0,0,0,0,0,mining
jesyth,-1,-1,-1,1269,-1,1171,-1,-1,-1,-1,-1,-1,3229,3146,-1,NA,0,0,0,0,0,0,0,0,0,0,0,0,0,0,0,0,0,0,0,0,0,0,0,0,mining
Austeja326,1159,-1,1725,1329,1121,1197,-1,1085,-1,-1,-1,-1,3235,3146,-1,NA,0,0,0,0,0,0,0,0,0,0,0,0,0,0,0,0,0,0,0,0,0,0,0,0,mining
itrm 1,1949,-1,1009,1277,-1,1173,-1,-1,-1,-1,-1,-1,3230,3148,625,NA,0,0,0,0,0,0,0,0,0,0,0,0,0,0,0,0,0,0,0,0,0,0,0,0,mining
catwrangler4,1153,-1,-1,1293,1115,1191,-1,1067,-1,-1,-1,-1,3236,3145,-1,NA,0,0,0,0,0,0,0,0,0,0,0,0,0,0,0,0,0,0,0,0,0,0,0,0,mining
veluthien001,-1,-1,-1,-1,-1,-1,-1,-1,-1,-1,-1,-1,3239,3147,-1,NA,0,0,0,0,0,0,0,0,0,0,0,0,0,0,0,0,0,0,0,0,0,0,0,0,mining
notgo1000,-1,-1,-1,841,-1,-1,-1,-1,-1,-1,-1,-1,3240,3161,-1,NA,0,0,0,0,0,0,0,0,0,0,0,0,0,0,0,0,0,0,0,0,0,0,0,0,mining
RolfZoomen,1141,1019,552,1295,-1,1173,-1,-1,-1,1059,1061,-1,3224,3147,626,NA,0,0,0,0,0,0,0,0,0,0,0,0,0,0,0,0,0,0,0,0,0,0,0,0,mining
Osos Fl,-1,-1,-1,1351,-1,-1,-1,-1,-1,-1,-1,-1,3243,3150,-1,NA,0,0,0,0,0,0,0,0,0,0,0,0,0,0,0,0,0,0,0,0,0,0,0,0,mining
Thisfatbidge,-1,-1,-1,-1,-1,-1,-1,-1,-1,-1,-1,-1,3243,3150,621,NA,0,0,0,0,0,0,0,0,0,0,0,0,0,0,0,0,0,0,0,0,0,0,0,0,mining
rorar02,-1,-1,-1,-1,-1,-1,-1,-1,-1,-1,-1,-1,3243,3150,621,NA,0,0,0,0,0,0,0,0,0,0,0,0,0,0,0,0,0,0,0,0,0,0,0,0,mining
bubihentes,-1,-1,552,1205,-1,1171,-1,-1,-1,1059,1061,-1,3243,3152,-1,NA,0,0,0,0,0,0,0,0,0,0,0,0,0,0,0,0,0,0,0,0,0,0,0,0,mining
ElpanaaIe16,-1,-1,-1,1269,-1,-1,-1,-1,-1,-1,-1,-1,3230,3146,-1,NA,0,0,0,0,0,0,0,0,0,0,0,0,0,0,0,0,0,0,0,0,0,0,0,0,mining
mrpelicano,2587,4353,1009,12297,12287,-1,-1,20172,-1,2922,1061,-1,3244,3153,-1,NA,0,0,0,0,0,0,0,0,0,0,0,0,0,0,0,0,0,0,0,0,0,0,0,0,mining
MeatballK1ng,-1,-1,1009,1277,-1,1173,-1,-1,-1,1059,1061,-1,3235,3160,-1,NA,0,0,0,0,0,0,0,0,0,0,0,0,0,0,0,0,0,0,0,0,0,0,0,0,mining
78astral1567,579,4405,10366,1387,577,1181,-1,7388,-1,2922,1061,-1,3243,3150,621,NA,0,0,0,0,0,0,0,0,0,0,0,0,0,0,0,0,0,0,0,0,0,0,0,0,mining
zzblanka,-1,-1,1009,1351,-1,1173,-1,-1,-1,-1,-1,-1,3238,3147,897,NA,0,0,0,0,0,0,0,0,0,0,0,0,0,0,0,0,0,0,0,0,0,0,0,0,mining
alejandrau,-1,-1,-1,841,-1,-1,-1,-1,-1,1063,1061,-1,3239,3147,-1,NA,0,0,0,0,0,0,0,0,0,0,0,0,0,0,0,0,0,0,0,0,0,0,0,0,mining
Jinjonator,1017,-1,-1,-1,581,-1,-1,1015,-1,1059,1061,-1,3243,3150,-1,NA,0,0,0,0,0,0,0,0,0,0,0,0,0,0,0,0,0,0,0,0,0,0,0,0,mining
kelelawar,-1,-1,-1,1203,-1,-1,-1,-1,-1,-1,-1,-1,3224,3147,625,NA,0,0,0,0,0,0,0,0,0,0,0,0,0,0,0,0,0,0,0,0,0,0,0,0,mining
MissViolete,-1,-1,-1,1265,-1,-1,-1,-1,-1,-1,-1,-1,3224,3148,-1,NA,0,0,0,0,0,0,0,0,0,0,0,0,0,0,0,0,0,0,0,0,0,0,0,0,mining
madforusic11,-1,-1,-1,1351,-1,-1,-1,-1,-1,-1,-1,-1,3230,3146,625,NA,0,0,0,0,0,0,0,0,0,0,0,0,0,0,0,0,0,0,0,0,0,0,0,0,mining
Sem Joelho,1155,-1,1009,1279,-1,1173,-1,-1,-1,-1,-1,-1,3242,3149,-1,NA,0,0,0,0,0,0,0,0,0,0,0,0,0,0,0,0,0,0,0,0,0,0,0,0,mining
wjeremy4,-1,-1,-1,-1,-1,-1,-1,-1,-1,-1,-1,-1,3243,3150,-1,NA,0,0,0,0,0,0,0,0,0,0,0,0,0,0,0,0,0,0,0,0,0,0,0,0,mining
setofingers,1153,-1,1009,667,1115,1173,-1,1067,-1,1059,1061,-1,3228,3145,-1,NA,0,0,0,0,0,0,0,0,0,0,0,0,0,0,0,0,0,0,0,0,0,0,0,0,mining
IamWibbly,1949,-1,-1,1277,-1,1171,-1,-1,-1,-1,-1,-1,3242,3149,621,NA,0,0,0,0,0,0,0,0,0,0,0,0,0,0,0,0,0,0,0,0,0,0,0,0,mining
Fools Coal,1139,-1,-1,-1,1101,13660,-1,-1,-1,-1,-1,-1,3244,3152,621,NA,0,0,0,0,0,0,0,0,0,0,0,0,0,0,0,0,0,0,0,0,0,0,0,0,mining
care2163,-1,-1,-1,1265,-1,-1,-1,-1,-1,-1,-1,-1,3223,3147,625,NA,0,0,0,0,0,0,0,0,0,0,0,0,0,0,0,0,0,0,0,0,0,0,0,0,mining
eliminox,12810,-1,-1,-1,12811,-1,-1,12812,-1,-1,-1,-1,3244,3152,621,NA,0,0,0,0,0,0,0,0,0,0,0,0,0,0,0,0,0,0,0,0,0,0,0,0,mining
Doriang Jose,-1,1007,-1,1381,426,-1,-1,428,-1,1059,1061,-1,3240,3159,-1,NA,0,0,0,0,0,0,0,0,0,0,0,0,0,0,0,0,0,0,0,0,0,0,0,0,mining
91limitride,1137,-1,-1,1329,1101,1191,-1,1067,-1,1063,-1,-1,3228,3161,-1,NA,0,0,0,0,0,0,0,0,0,0,0,0,0,0,0,0,0,0,0,0,0,0,0,0,mining
HC ArmaCbow,1139,-1,1478,1269,1101,1171,-1,-1,-1,-1,-1,-1,3226,3148,-1,NA,0,0,0,0,0,0,0,0,0,0,0,0,0,0,0,0,0,0,0,0,0,0,0,0,mining
Wisewater596,1153,-1,-1,1329,1115,1191,-1,1067,-1,-1,-1,-1,3226,3162,1156,NA,0,0,0,0,0,0,0,0,0,0,0,0,0,0,0,0,0,0,0,0,0,0,0,0,mining
Cowl Axe 415,1153,-1,-1,1329,1115,1191,-1,1067,-1,-1,-1,-1,3229,3161,-1,NA,0,0,0,0,0,0,0,0,0,0,0,0,0,0,0,0,0,0,0,0,0,0,0,0,mining
Bigglessy,-1,-1,-1,1269,-1,-1,-1,-1,-1,-1,-1,-1,3229,3147,627,NA,0,0,0,0,0,0,0,0,0,0,0,0,0,0,0,0,0,0,0,0,0,0,0,0,mining
Disordie-SS,-1,-1,-1,1265,-1,-1,-1,-1,-1,-1,-1,-1,3230,3146,625,NA,0,0,0,0,0,0,0,0,0,0,0,0,0,0,0,0,0,0,0,0,0,0,0,0,mining
6froghound,1153,-1,-1,1329,1115,1191,-1,1067,-1,-1,-1,-1,3229,3157,-1,NA,0,0,0,0,0,0,0,0,0,0,0,0,0,0,0,0,0,0,0,0,0,0,0,0,mining
Jetskiwave,1141,-1,552,1297,1101,9704,-1,1067,-1,1059,1061,-1,3244,3152,621,NA,0,0,0,0,0,0,0,0,0,0,0,0,0,0,0,0,0,0,0,0,0,0,0,0,mining
MJLM_TK,-1,-1,-1,1265,-1,-1,-1,-1,-1,-1,-1,-1,3223,3147,625,NA,0,0,0,0,0,0,0,0,0,0,0,0,0,0,0,0,0,0,0,0,0,0,0,0,mining
Yearlycut216,1137,-1,-1,1329,1101,1191,-1,1067,-1,1063,-1,-1,3228,3159,-1,NA,0,0,0,0,0,0,0,0,0,0,0,0,0,0,0,0,0,0,0,0,0,0,0,0,mining
29buildirit,1153,-1,-1,1329,1115,1191,-1,1067,-1,-1,-1,-1,3227,3159,-1,NA,0,0,0,0,0,0,0,0,0,0,0,0,0,0,0,0,0,0,0,0,0,0,0,0,mining
Wiennee,1159,4355,1725,1331,1121,1197,-1,1071,-1,2922,-1,-1,3241,3149,621,NA,0,0,0,0,0,0,0,0,0,0,0,0,0,0,0,0,0,0,0,0,0,0,0,0,mining
Aniseanna,-1,-1,-1,-1,-1,-1,-1,-1,-1,-1,-1,-1,3242,3149,621,NA,0,0,0,0,0,0,0,0,0,0,0,0,0,0,0,0,0,0,0,0,0,0,0,0,mining
BliepMans,-1,-1,-1,1351,-1,-1,-1,-1,-1,-1,-1,-1,3238,3158,897,NA,0,0,0,0,0,0,0,0,0,0,0,0,0,0,0,0,0,0,0,0,0,0,0,0,mining
Castpixie924,1137,-1,-1,1329,1101,1191,-1,1067,-1,1063,-1,-1,3227,3159,-1,NA,0,0,0,0,0,0,0,0,0,0,0,0,0,0,0,0,0,0,0,0,0,0,0,0,mining
cronix01,-1,-1,-1,-1,-1,-1,-1,-1,-1,-1,-1,-1,3227,3144,625,NA,0,0,0,0,0,0,0,0,0,0,0,0,0,0,0,0,0,0,0,0,0,0,0,0,mining
Lazyskele35,-1,-1,-1,-1,-1,-1,-1,-1,-1,-1,-1,-1,3244,3152,621,NA,0,0,0,0,0,0,0,0,0,0,0,0,0,0,0,0,0,0,0,0,0,0,0,0,mining
61 Dryad 78,1153,-1,-1,1329,1115,1191,-1,1067,-1,-1,-1,-1,3229,3159,386,NA,0,0,0,0,0,0,0,0,0,0,0,0,0,0,0,0,0,0,0,0,0,0,0,0,mining
T-Rex1304,-1,-1,-1,1265,-1,-1,-1,-1,-1,-1,-1,-1,3229,3146,-1,NA,0,0,0,0,0,0,0,0,0,0,0,0,0,0,0,0,0,0,0,0,0,0,0,0,mining
JSking69,5535,-1,-1,1381,-1,-1,-1,-1,-1,-1,1061,-1,3244,3152,621,NA,0,0,0,0,0,0,0,0,0,0,0,0,0,0,0,0,0,0,0,0,0,0,0,0,mining
Mr XxDolarxX,-1,-1,-1,1267,-1,1171,-1,-1,-1,-1,-1,-1,3225,3147,-1,NA,0,0,0,0,0,0,0,0,0,0,0,0,0,0,0,0,0,0,0,0,0,0,0,0,mining
jimena001,-1,-1,-1,-1,-1,-1,-1,-1,-1,-1,-1,-1,3242,3149,621,NA,0,0,0,0,0,0,0,0,0,0,0,0,0,0,0,0,0,0,0,0,0,0,0,0,mining
pr0deejay,-1,-1,-1,-1,-1,-1,-1,-1,-1,-1,-1,-1,3242,3149,621,NA,0,0,0,0,0,0,0,0,0,0,0,0,0,0,0,0,0,0,0,0,0,0,0,0,mining
Rushcraft333,-1,-1,-1,-1,-1,-1,-1,-1,-1,-1,-1,-1,3224,3148,625,NA,0,0,0,0,0,0,0,0,0,0,0,0,0,0,0,0,0,0,0,0,0,0,0,0,mining
herpeszoster,-1,-1,-1,-1,-1,-1,-1,-1,-1,-1,-1,-1,3242,3152,-1,NA,0,0,0,0,0,0,0,0,0,0,0,0,0,0,0,0,0,0,0,0,0,0,0,0,mining
I4got2live,12813,-1,-1,1351,-1,1171,-1,-1,-1,-1,-1,-1,3242,3149,-1,NA,0,0,0,0,0,0,0,0,0,0,0,0,0,0,0,0,0,0,0,0,0,0,0,0,mining
Yessica2121,1949,-1,-1,1203,-1,1173,-1,-1,-1,-1,-1,-1,3240,3160,386,NA,0,0,0,0,0,0,0,0,0,0,0,0,0,0,0,0,0,0,0,0,0,0,0,0,mining
yayita280177,-1,-1,-1,1265,-1,-1,-1,-1,-1,-1,-1,-1,3228,3145,625,NA,0,0,0,0,0,0,0,0,0,0,0,0,0,0,0,0,0,0,0,0,0,0,0,0,mining
43 VERDE 23,-1,-1,-1,1265,-1,-1,-1,-1,-1,-1,-1,-1,3229,3147,625,NA,0,0,0,0,0,0,0,0,0,0,0,0,0,0,0,0,0,0,0,0,0,0,0,0,mining
patp001001,-1,-1,-1,-1,-1,-1,-1,-1,-1,-1,-1,-1,3242,3149,621,NA,0,0,0,0,0,0,0,0,0,0,0,0,0,0,0,0,0,0,0,0,0,0,0,0,mining
Scarfayces,1153,1021,1731,1323,1115,1191,-1,1067,-1,-1,-1,-1,3223,3147,-1,NA,0,0,0,0,0,0,0,0,0,0,0,0,0,0,0,0,0,0,0,0,0,0,0,0,mining
Necab0,2673,-1,552,1333,1113,2675,-1,2671,-1,-1,-1,-1,3243,3150,621,NA,0,0,0,0,0,0,0,0,0,0,0,0,0,0,0,0,0,0,0,0,0,0,0,0,mining
1SkipLegDay,1163,-1,-1,1333,1127,1201,-1,1079,-1,-1,-1,-1,3241,3149,621,NA,0,0,0,0,0,0,0,0,0,0,0,0,0,0,0,0,0,0,0,0,0,0,0,0,mining
maleficente2,-1,-1,-1,-1,-1,-1,-1,-1,-1,-1,-1,-1,3239,3147,621,NA,0,0,0,0,0,0,0,0,0,0,0,0,0,0,0,0,0,0,0,0,0,0,0,0,mining
37bronze2792,-1,-1,-1,1329,1101,-1,-1,1067,-1,-1,-1,-1,3228,3162,-1,NA,0,0,0,0,0,0,0,0,0,0,0,0,0,0,0,0,0,0,0,0,0,0,0,0,mining
only10HPiron,12810,1007,1654,9705,12811,-1,-1,12812,-1,1059,1061,-1,3242,3149,621,NA,0,0,0,0,0,0,0,0,0,0,0,0,0,0,0,0,0,0,0,0,0,0,0,0,mining
liderstill55,1153,4405,1009,1349,1113,1201,-1,1079,-1,-1,1061,-1,3244,3152,-1,NA,0,0,0,0,0,0,0,0,0,0,0,0,0,0,0,0,0,0,0,0,0,0,0,0,mining
IchiBxndit,1949,-1,-1,1265,-1,-1,-1,-1,-1,-1,-1,-1,3241,3149,621,NA,0,0,0,0,0,0,0,0,0,0,0,0,0,0,0,0,0,0,0,0,0,0,0,0,mining
20summon1079,1153,-1,-1,1329,1115,1191,-1,1067,-1,-1,-1,-1,3226,3161,-1,NA,0,0,0,0,0,0,0,0,0,0,0,0,0,0,0,0,0,0,0,0,0,0,0,0,mining
rafaeduar,-1,-1,-1,1359,-1,-1,-1,-1,-1,-1,1061,-1,3239,3147,-1,NA,0,0,0,0,0,0,0,0,0,0,0,0,0,0,0,0,0,0,0,0,0,0,0,0,mining
Fancy pantzs,1153,1021,1731,1323,1115,1191,-1,1067,-1,-1,-1,-1,3223,3147,624,NA,0,0,0,0,0,0,0,0,0,0,0,0,0,0,0,0,0,0,0,0,0,0,0,0,mining
SteffanySanz,-1,-1,-1,1277,-1,1171,-1,-1,-1,-1,-1,-1,3242,3149,621,NA,0,0,0,0,0,0,0,0,0,0,0,0,0,0,0,0,0,0,0,0,0,0,0,0,mining
CovidSocials,-1,-1,-1,1277,-1,1171,-1,-1,-1,-1,-1,-1,3242,3149,-1,NA,0,0,0,0,0,0,0,0,0,0,0,0,0,0,0,0,0,0,0,0,0,0,0,0,mining
GuthRibi,-1,-1,-1,1277,-1,1171,-1,-1,-1,-1,-1,-1,3242,3149,621,NA,0,0,0,0,0,0,0,0,0,0,0,0,0,0,0,0,0,0,0,0,0,0,0,0,mining
YupzuLegal,-1,-1,-1,1277,-1,1171,-1,-1,-1,-1,-1,-1,3242,3149,621,NA,0,0,0,0,0,0,0,0,0,0,0,0,0,0,0,0,0,0,0,0,0,0,0,0,mining
Farm 4 bonds,-1,-1,-1,1349,-1,-1,-1,-1,-1,-1,-1,-1,3239,3147,621,NA,0,0,0,0,0,0,0,0,0,0,0,0,0,0,0,0,0,0,0,0,0,0,0,0,mining
13postiedan,-1,-1,-1,-1,-1,-1,-1,-1,-1,-1,-1,-1,3231,3145,-1,NA,0,0,0,0,0,0,0,0,0,0,0,0,0,0,0,0,0,0,0,0,0,0,0,0,mining
97purgepig,1137,-1,-1,1329,1101,1191,-1,1067,-1,1063,-1,-1,3223,3158,-1,NA,0,0,0,0,0,0,0,0,0,0,0,0,0,0,0,0,0,0,0,0,0,0,0,0,mining
Rage Pwn 196,-1,-1,-1,1265,-1,9704,-1,-1,-1,-1,-1,-1,3223,3147,625,NA,0,0,0,0,0,0,0,0,0,0,0,0,0,0,0,0,0,0,0,0,0,0,0,0,mining
maita1204jef,-1,-1,1731,1351,-1,-1,-1,-1,-1,-1,-1,-1,3243,3150,-1,NA,0,0,0,0,0,0,0,0,0,0,0,0,0,0,0,0,0,0,0,0,0,0,0,0,mining
WallopMyNUTZ,-1,-1,-1,1422,-1,1171,-1,-1,-1,-1,-1,-1,3244,3152,-1,NA,0,0,0,0,0,0,0,0,0,0,0,0,0,0,0,0,0,0,0,0,0,0,0,0,mining
Peter Pizman,-1,-1,-1,1265,-1,-1,-1,-1,-1,-1,-1,-1,3223,3147,625,NA,0,0,0,0,0,0,0,0,0,0,0,0,0,0,0,0,0,0,0,0,0,0,0,0,mining
Daniela09123,-1,-1,-1,-1,-1,-1,-1,-1,-1,-1,-1,-1,3239,3147,621,NA,0,0,0,0,0,0,0,0,0,0,0,0,0,0,0,0,0,0,0,0,0,0,0,0,mining
20 Worn 1049,1153,-1,-1,1329,1115,1191,-1,1067,-1,-1,-1,-1,3226,3162,-1,NA,0,0,0,0,0,0,0,0,0,0,0,0,0,0,0,0,0,0,0,0,0,0,0,0,mining
4candle2981,-1,-1,-1,22358,-1,-1,-1,-1,-1,-1,-1,-1,3241,3143,-1,NA,0,0,0,0,0,0,0,0,0,0,0,0,0,0,0,0,0,0,0,0,0,0,0,0,mining
lairet H G,1153,-1,552,12297,-1,1171,-1,-1,-1,-1,-1,-1,3229,3147,-1,NA,0,0,0,0,0,0,0,0,0,0,0,0,0,0,0,0,0,0,0,0,0,0,0,0,mining
hugo luis,-1,-1,-1,-1,-1,-1,-1,-1,-1,-1,-1,-1,3243,3150,621,NA,0,0,0,0,0,0,0,0,0,0,0,0,0,0,0,0,0,0,0,0,0,0,0,0,mining
thdonato,-1,-1,-1,-1,-1,-1,-1,-1,-1,-1,-1,-1,3239,3146,621,NA,0,0,0,0,0,0,0,0,0,0,0,0,0,0,0,0,0,0,0,0,0,0,0,0,mining
ashie2323,1141,-1,1009,1265,1105,1173,-1,-1,-1,1059,1061,-1,3230,3146,625,NA,0,0,0,0,0,0,0,0,0,0,0,0,0,0,0,0,0,0,0,0,0,0,0,0,mining
Fortnite skz,1153,1021,1731,1267,1115,1191,-1,1067,-1,-1,-1,-1,3223,3147,-1,NA,0,0,0,0,0,0,0,0,0,0,0,0,0,0,0,0,0,0,0,0,0,0,0,0,mining
maryxd78,-1,-1,-1,1265,-1,-1,-1,-1,-1,-1,-1,-1,3228,3145,625,NA,0,0,0,0,0,0,0,0,0,0,0,0,0,0,0,0,0,0,0,0,0,0,0,0,mining
57feast1927,1153,-1,-1,1329,1115,1191,-1,1067,-1,-1,-1,-1,3226,3162,-1,NA,0,0,0,0,0,0,0,0,0,0,0,0,0,0,0,0,0,0,0,0,0,0,0,0,mining
luciandre46,1155,-1,-1,1273,1117,1173,-1,1075,-1,-1,-1,-1,3223,3147,-1,NA,0,0,0,0,0,0,0,0,0,0,0,0,0,0,0,0,0,0,0,0,0,0,0,0,mining
hotdggitydog,579,1019,-1,1297,1105,1193,-1,-1,-1,1059,1061,-1,3224,3148,625,NA,0,0,0,0,0,0,0,0,0,0,0,0,0,0,0,0,0,0,0,0,0,0,0,0,mining
kannaklown,1057,-1,552,1325,-1,1173,-1,-1,-1,-1,-1,-1,3242,3149,621,NA,0,0,0,0,0,0,0,0,0,0,0,0,0,0,0,0,0,0,0,0,0,0,0,0,mining
Devocel,1153,-1,1727,1323,1119,1181,-1,1067,-1,2932,1061,-1,3244,3152,621,NA,0,0,0,0,0,0,0,0,0,0,0,0,0,0,0,0,0,0,0,0,0,0,0,0,mining
AlloutBlazin,-1,-1,-1,1265,-1,-1,-1,-1,-1,-1,-1,-1,3230,3148,-1,NA,0,0,0,0,0,0,0,0,0,0,0,0,0,0,0,0,0,0,0,0,0,0,0,0,mining
89willow2897,1153,-1,-1,1329,1115,1191,-1,1067,-1,-1,-1,-1,3225,3161,-1,NA,0,0,0,0,0,0,0,0,0,0,0,0,0,0,0,0,0,0,0,0,0,0,0,0,mining
NotAHuman23,1157,1019,10364,1297,1119,1193,-1,1077,-1,-1,-1,-1,3242,3149,-1,NA,0,0,0,0,0,0,0,0,0,0,0,0,0,0,0,0,0,0,0,0,0,0,0,0,mining
jcangrejo,1163,1019,1731,1361,1127,1201,-1,1079,-1,1063,1061,-1,3243,3150,-1,NA,0,0,0,0,0,0,0,0,0,0,0,0,0,0,0,0,0,0,0,0,0,0,0,0,mining
victor0614,1165,1007,1731,1327,1125,2659,-1,1077,-1,-1,1061,-1,3241,3143,-1,NA,0,0,0,0,0,0,0,0,0,0,0,0,0,0,0,0,0,0,0,0,0,0,0,0,mining
m3rmaidz,-1,-1,-1,1265,-1,1173,-1,-1,-1,-1,-1,-1,3241,3161,-1,NA,0,0,0,0,0,0,0,0,0,0,0,0,0,0,0,0,0,0,0,0,0,0,0,0,mining
NO Swarley,-1,-1,-1,-1,-1,-1,-1,-1,-1,-1,-1,-1,3243,3150,621,NA,0,0,0,0,0,0,0,0,0,0,0,0,0,0,0,0,0,0,0,0,0,0,0,0,mining
Ann2020,-1,-1,-1,1265,-1,-1,-1,-1,-1,-1,-1,-1,3239,3146,621,NA,0,0,0,0,0,0,0,0,0,0,0,0,0,0,0,0,0,0,0,0,0,0,0,0,mining
Lyli30,1159,-1,-1,1329,1121,1197,-1,1071,-1,1063,1061,-1,3244,3157,-1,NA,0,0,0,0,0,0,0,0,0,0,0,0,0,0,0,0,0,0,0,0,0,0,0,0,mining
LeahPetals,-1,-1,552,-1,-1,-1,-1,-1,-1,-1,-1,-1,3237,3156,-1,NA,0,0,0,0,0,0,0,0,0,0,0,0,0,0,0,0,0,0,0,0,0,0,0,0,mining
FireflyJayOS,579,-1,-1,1351,-1,-1,-1,-1,-1,-1,-1,-1,3240,3152,897,NA,0,0,0,0,0,0,0,0,0,0,0,0,0,0,0,0,0,0,0,0,0,0,0,0,mining
jhenuz,10296,-1,-1,-1,23366,1197,-1,-1,-1,-1,-1,-1,3229,3147,-1,NA,0,0,0,0,0,0,0,0,0,0,0,0,0,0,0,0,0,0,0,0,0,0,0,0,mining
ifishcash69,12231,-1,-1,1323,12225,12233,-1,12227,-1,-1,-1,-1,3242,3149,621,NA,0,0,0,0,0,0,0,0,0,0,0,0,0,0,0,0,0,0,0,0,0,0,0,0,mining
AlexCKS99,1949,-1,1009,1327,-1,1173,-1,-1,-1,-1,-1,-1,3232,3160,-1,NA,0,0,0,0,0,0,0,0,0,0,0,0,0,0,0,0,0,0,0,0,0,0,0,0,mining
Exer713,-1,-1,-1,1265,-1,-1,-1,-1,-1,-1,-1,-1,3228,3145,-1,NA,0,0,0,0,0,0,0,0,0,0,0,0,0,0,0,0,0,0,0,0,0,0,0,0,mining
arp87,1141,-1,552,1267,1105,1173,-1,1067,-1,-1,-1,-1,3223,3147,626,NA,0,0,0,0,0,0,0,0,0,0,0,0,0,0,0,0,0,0,0,0,0,0,0,0,mining
Putthanos,-1,-1,-1,1277,-1,1173,-1,-1,-1,-1,-1,-1,3226,3148,625,NA,0,0,0,0,0,0,0,0,0,0,0,0,0,0,0,0,0,0,0,0,0,0,0,0,mining
diegorodrigu,-1,-1,-1,-1,-1,-1,-1,-1,-1,-1,-1,-1,3223,3147,-1,NA,0,0,0,0,0,0,0,0,0,0,0,0,0,0,0,0,0,0,0,0,0,0,0,0,mining
Fatepurge842,1137,-1,-1,1329,1101,1191,-1,1067,-1,1063,-1,-1,3222,3157,-1,NA,0,0,0,0,0,0,0,0,0,0,0,0,0,0,0,0,0,0,0,0,0,0,0,0,mining
Fireelf2157,-1,-1,-1,1265,-1,-1,-1,-1,-1,-1,-1,-1,3223,3147,625,NA,0,0,0,0,0,0,0,0,0,0,0,0,0,0,0,0,0,0,0,0,0,0,0,0,mining
